code;title;category;title2;group;supplier;status
M02ALSU00336;Лампа галоген ДХО для Лада Веста, Гранта, Рено, W21/5W (янтарь 2шт!);avtosvet;Габаритные лампы для авто ДХО Гранта, Веста, Гранта Калина 2, Ларгус FL, Рено Логан 2 Сандеро 2, Дастер, Нива Тревел Датсун W21/5W оранжевая (ОРАНЖЕВЫЙ свет, янтарь);lampYSvetodyod;dongguanNuokadiElectronicCoLtdLampKytai;
W21/5W;Лампа галоген ДХО для Лада Веста, Гранта, Рено, W21/5W (белый свет, 2шт!) (РАСПРОДАЖА ОСТАТКОВ);avtosvet;Дневные ходовые огни для автомобиля галоген, ДХО Гранта, Веста, Калина 2, Ларгус FL, Рено Логан 2 Сандеро 2, Дастер, Нива Тревел Датсун W21/5W (БЕЛЫЙ свет);lampYSvetodyod;dongguanNuokadiElectronicCoLtdLampKytai;
M01TEXT10102;"Салфетка для автомобиля из микрофибры 50x60 см ""Деталиус""";aksessuar;Автополотенце для сушки кузова Деталиус из микрофибры супервпитывающее большое 50*60 двустороннее с мешком для хранения - 1 шт.;avtopolotentse;shijiazhuangAoseImpExpCoLtdSalfetkyYzMykrofybrKytai;
M01TEXT10102_2;"Салфетка для автомобиля из микрофибры 50x60 см ""Деталиус"", 2 шт.";aksessuar;Автополотенце для сушки кузова Деталиус из микрофибры супервпитывающее большое 50*60 двустороннее с мешком для хранения - 2 шт.;avtopolotentse;shijiazhuangAoseImpExpCoLtdSalfetkyYzMykrofybrKytai;
M01ALSU00167;Z-образный уплотнитель автомобильный (РКИ ЗТ), 3 метра;aksessuar;Уплотнитель дверей Приора Ваз Лада Рено Форд Фокус Хендай / z образный уплотнитель для авто 300 см;uplotnytelyDopolnytelneNeShtatne;hebeiMulinRubberProductsCoLtdUplotnytelyKytai;
M01ALSU00187;Уплотнитель внешний между жабо и лобовым стеклом для Лада Гранта, Веста, Х Рей;aksessuar;Уплотнитель между жабо и лобовым стеклом Лада Веста, Х Рей, Гранта ФЛ, Калина / нижняя резинка между жабо и стеклом Lada Vesta XRay Granta FL Kalina;uplotnytelyDopolnytelneNeShtatne;hebeiMulinRubberProductsCoLtdUplotnytelyKytai;
PODS-01;Уплотнитель кромок дверей и порогов на авто Универсальный 7,5 м (Белый);aksessuar;Защитный молдинг для автомобиля универсальный и уплотнительная резинка для дверей авто и порогов самоклеющийся;uplotnytelyDopolnytelneNeShtatne;hebeiMulinRubberProductsCoLtdUplotnytelyKytai;
PODS-02;Уплотнитель кромок дверей и порогов на авто Универсальный 7,5 м (Черный);aksessuar;Защита дверей автомобиля от удара и универсальный уплотнитель для дверей авто самоклеющийся п образный;uplotnytelyDopolnytelneNeShtatne;hebeiMulinRubberProductsCoLtdUplotnytelyKytai;
VS-UPKP;Уплотнитель капота Carius Лада Веста, Ларгус FL, Рено Аркана (универсальный) цельный (3м);aksessuar;Уплотнитель капота Лада Веста Гранта Приора ВАЗ 2114 2107 2110 Нива 2121 Уаз Киа Ларгус Калина Солярис Газель Форд Рено Тойота / уплотнитель автомобильный универсальный 3 метра;uplotnytelyDopolnytelneNeShtatne;hebeiMulinRubberProductsCoLtdUplotnytelyKytai;
8450031975-01;Усиленная нижняя опора Веста Спорт МАВИКО, аналог 8450031975;dvyhatel;Опора двигателя Лада Веста Усиленная нижняя МАВИКО для Ларгус, Xray, Рено Логан 2, Сандеро 2;podushkyYOporDvyhatelia;ningboNingshingTradingGroupIncNyzhnyeOpor;
M105ALSU00326;Набор пластиковых автомобильных клипс, 100 шт + 5 ключей;kuzov;Клипсы для автомобиля универсальные набор 100 шт. + 5 съёмников;pystonFyksatorYMetyz;cangzhouWanqingAnimalHusbandryTechnologyCoLtdKlypsKytai;
M655ALSU00326;Набор пластиковых автомобильных клипс, 655 шт;kuzov;Клипсы автомобильные набор 655 шт. универсальные + 5 съёмников;pystonFyksatorYMetyz;cangzhouWanqingAnimalHusbandryTechnologyCoLtdKlypsKytai;
MCC0001;Набор нейлоновые автомобильные клипсы 60 шт., стяжки 10 шт., лопатки-съемники 5 шт. для Toyota Lexus;kuzov;Набор нейлоновые автомобильные клипсы 60 шт., стяжки 10 шт., лопатки-съемники 5 шт. для Toyota Lexus;pystonFyksatorYMetyz;;new
MCC0003;Набор нейлоновые автомобильные клипсы 60 шт., стяжки 10 шт., лопатки-съемники 5 шт. для Hyundai Kia;kuzov;Набор нейлоновые автомобильные клипсы 60 шт., стяжки 10 шт., лопатки-съемники 5 шт. для Hyundai Kia;pystonFyksatorYMetyz;;new
MCC0002;Набор нейлоновые автомобильные клипсы 60 шт., стяжки 10 шт., лопатки-съемники 5 шт. для Nissan;kuzov;Набор нейлоновые автомобильные клипсы 60 шт., стяжки 10 шт., лопатки-съемники 5 шт. для Nissan;pystonFyksatorYMetyz;;new
MCC0004;Набор нейлоновые автомобильные клипсы 60 шт., стяжки 10 шт., лопатки-съемники 5 шт. для Lada Renault;kuzov;Набор нейлоновые автомобильные клипсы 60 шт., стяжки 10 шт., лопатки-съемники 5 шт. для Lada Renault;pystonFyksatorYMetyz;;new
MCC0005L;Набор нейлоновые автомобильные клипсы 140 шт., стяжки 10 шт., лопатки-съемники 5 шт. для Lada Renault;kuzov;Набор нейлоновые автомобильные клипсы 140 шт., стяжки 10 шт., лопатки-съемники 5 шт. для Lada Renault;pystonFyksatorYMetyz;;new
8450032566-01;Стойка стабилизатора нового образца Лада Веста, МАВИКО;podveska;Стойка стабилизатора полиуретановая усиленная нового образца для Лада Веста, Фольксваген Поло, Шкода Рапид, Фабия 2 / Lada Vesta, Skoda Rapid, Fabia, Volkswagen Polo, Audi A1 / OEM 8450006750 / 1 шт.;stoikyYVtulkyStabylyzatora;guangzhouRongxinTradeCoLtdStoikyStabylyzatora;out
8450032566-01_2;Стойка стабилизатора нового образца Лада Веста, МАВИКО (Комплект 2 шт.);podveska;Стойки стабилизатора полиуретановые усиленные нового образца для Лада Веста, Фольксваген Поло, Шкода Рапид, Фабия 2, Рено Флюенс, Меган 3, Оди А1 OEM 8450006750 комплект 2 шт.;stoikyYVtulkyStabylyzatora;guangzhouRongxinTradeCoLtdStoikyStabylyzatora;out
M01LINK10101;Стойка стабилизатора Рено Дастер 1/2, Каптур, Аркана, Ниссан Террано, МАВИКО;podveska;Стойка стабилизатора усиленная Рено Аркана, Дастер, Каптюр, Ниссан Террано /кросс-номер C7420LR /OEM 551103022R, 8200814411;stoikyYVtulkyStabylyzatora;guangzhouRongxinTradeCoLtdStoikyStabylyzatora;out
M01LINK10101-2;Стойка стабилизатора Рено Дастер, МАВИКО (Комплект 2 шт.);podveska;Стойки стабилизатора усиленные Рено Аркана, Дастер, Каптюр, Ниссан Террано /кросс-номер C7420LR /OEM 551103022R, 8200814411 (комплект 2 шт.);stoikyYVtulkyStabylyzatora;guangzhouRongxinTradeCoLtdStoikyStabylyzatora;out
M01LINK10102;Стойка стабилизатора Hyundai Solaris/Kia Rio, МАВИКО;podveska;Стойка стабилизатора усиленная Хендай Крета, Солярис, Киа Рио 3, 4, Спортейдж 3, 4 /кросс-номер C7369LR /OEM 548304L000, 548300U000;stoikyYVtulkyStabylyzatora;guangzhouRongxinTradeCoLtdStoikyStabylyzatora;out
M01LINK10102-2;Стойка стабилизатора Hyundai Solaris / Kia Rio, МАВИКО (Комплект 2 шт.);podveska;Стойки стабилизатора усиленные Хендай Крета, Солярис, Киа Рио 3, 4, Спортейдж 3, 4 /кросс-номер C7369LR /OEM 548304L000, 548300U000 (комплект 2 шт.);stoikyYVtulkyStabylyzatora;guangzhouRongxinTradeCoLtdStoikyStabylyzatora;out
M01LINK10103;Стойка стабилизатора Volkswagen Polo, Skoda Rapid, МАВИКО;podveska;Стойка стабилизатора усиленная Шкода Рапид, Фабия, Фольксваген Поло седан, Рено Флюенс /кросс-номер C7001LR /OEM 6R0411315, 8450006750, 546182198R;stoikyYVtulkyStabylyzatora;guangzhouRongxinTradeCoLtdStoikyStabylyzatora;out
M01LINK10103-2;Стойка стабилизатора Volkswagen Polo, Skoda Rapid, МАВИКО (Комплект 2 шт.);podveska;Стойки стабилизатора усиленные Шкода Рапид, Фабия, Фольксваген Поло седан, Рено Флюенс /кросс-номер C7001LR /OEM 6R0411315, 8450006750, 546182198R (комплект 2 шт.);stoikyYVtulkyStabylyzatora;guangzhouRongxinTradeCoLtdStoikyStabylyzatora;out
M01LINK10104;Стойка стабилизатора Ford, Mazda, МАВИКО;podveska;Стойка стабилизатора усиленная Форд Фокус 2, 3, Куга, Транзит, Мазда 3 /кросс-номер C7150LR /OEM 1851900, 1377849, 1686594;stoikyYVtulkyStabylyzatora;guangzhouRongxinTradeCoLtdStoikyStabylyzatora;out
M01LINK10104-2;Стойка стабилизатора Ford, Mazda, МАВИКО (Комплект 2 шт.);podveska;Стойки стабилизатора усиленные Форд Фокус 2, 3, Куга, Транзит, Мазда 3 /кросс-номер C7150LR /OEM 1851900, 1377849, 1686594 (комплект 2 шт.);stoikyYVtulkyStabylyzatora;guangzhouRongxinTradeCoLtdStoikyStabylyzatora;out
M01LINK10105;Стойка стабилизатора Volkswagen, Audi, Skoda, МАВИКО;podveska;Стойка стабилизатора усиленная Шкода Октавия, Passat, Golf 6, Тигуан /Skoda Octavia, Kodiaq, Yeti /OEM 5Q0411315A, 1K0411315K;stoikyYVtulkyStabylyzatora;guangzhouRongxinTradeCoLtdStoikyStabylyzatora;out
M01LINK10105-2;Стойка стабилизатора Volkswagen, Audi, Skoda, МАВИКО (Комплект 2 шт.);podveska;Стойки стабилизатора усиленные Шкода Октавия, Passat, Golf 6, Тигуан /Skoda Octavia, Kodiaq, Yeti /OEM 5Q0411315A, 1K0411315K (комплект 2 шт.);stoikyYVtulkyStabylyzatora;guangzhouRongxinTradeCoLtdStoikyStabylyzatora;out
M01LINK10106;Стойка стабилизатора Nissan, Renault, МАВИКО;podveska;Стойка стабилизатора ЛЕВАЯ для Ниссан Кашкай j10, j11, Теана j32, l33, X-Trail T31, T32 /кросс-номер C7254L /OEM 54668-1AA0E, 54668-JD00A, 54668-1AA0A;stoikyYVtulkyStabylyzatora;guangzhouRongxinTradeCoLtdStoikyStabylyzatora;out
M01LINK10106-2;Стойка стабилизатора Nissan, Renault, МАВИКО (Комплект 2 шт.);podveska;Стойки стабилизатора усиленные Ниссан Кашкай j10, j11, Теана j32, l33, X-Trail T31, T32 /кросс-номер C7254L /OEM 54668-1AA0E, 546681AA0E, 546684CB0A (комплект 2 шт.);stoikyYVtulkyStabylyzatora;guangzhouRongxinTradeCoLtdStoikyStabylyzatora;out
M01LINK10108;Стойка стабилизатора Citroen, Lexus, Mazda, Mitsubishi, Peugeot, Toyota, МАВИКО;podveska;Стойка стабилизатора усиленная Ситроен С4, Митсубиси Лансер 10, Аутлендер 3, Asx, Шевроле Авео т250 /OEM MN101368, 96391875, 242059J00;stoikyYVtulkyStabylyzatora;guangzhouRongxinTradeCoLtdStoikyStabylyzatora;out
M01LINK10108-2;Стойка стабилизатора Citroen, Lexus, Mazda, Mitsubishi, Peugeot, Toyota, МАВИКО (Комплект 2 шт.);podveska;Стойки стабилизатора усиленные Ситроен С4, Митсубиси Лансер 10, Аутлендер 3, Asx, Шевроле Авео т250 /OEM MN101368, 96391875, 242059J00 (комплект 2 шт.);stoikyYVtulkyStabylyzatora;guangzhouRongxinTradeCoLtdStoikyStabylyzatora;out
M01LINK10109;Стойка стабилизатора Opel, Chevrolet, МАВИКО;podveska;Стойка стабилизатора усиленная Опель Астра H, Астра J, Астра G, Опель Зафира, Шевроле Круз /кросс-номер C7028LR /OEM 13219141, 90498745;stoikyYVtulkyStabylyzatora;guangzhouRongxinTradeCoLtdStoikyStabylyzatora;out
M01LINK10109-2;Стойка стабилизатора Opel, Chevrolet, МАВИКО (Комплект 2 шт.);podveska;Стойки стабилизатора усиленные Опель Астра H, Астра J, Астра G, Опель Зафира, Шевроле Круз /кросс-номер C7028LR /OEM 13219141, 90498745 (комплект 2 шт.);stoikyYVtulkyStabylyzatora;guangzhouRongxinTradeCoLtdStoikyStabylyzatora;out
3FRW5050H;Комплект гибридных щёток стеклоочистеля  500 mm + 500 mm (Тип адаптера - Крючок);systemaOmvanyiaStiekol;Щетки стеклоочистителя 500мм гибридные дворники для автомобиля ваз 2114 2115 2110 2112;shchetkyStekloochystytelia;ruianFriendshipAutomobileWiperBladeCoLtdShchetkyStekloochystyteliaNoname;
3FRW6040H;Комплект гибридных щёток стеклоочистеля  600 mm + 400 mm (Тип адаптера - Крючок);systemaOmvanyiaStiekol;"Дворники для автомобиля 600 400 адаптер крюк; щетки стеклоочистителя LADA Лада Гранта; Хендай Солярис 2 YC; Киа Рио 4 YB SC FB; Фольксваген Поло Седан 612, 614; Лансер 10";shchetkyStekloochystytelia;ruianFriendshipAutomobileWiperBladeCoLtdShchetkyStekloochystyteliaNoname;
3FRW6045H;Комплект гибридных щёток стеклоочистеля  600 mm + 450 mm (Тип адаптера - Крючок);systemaOmvanyiaStiekol;"Щетки стеклоочистителя 600/450 адаптер крючок; дворники для автомобиля LADA Лада Веста GFL, SW/SW Cross; Рено Дастер SUV 2015-2017; Меган 2; Киа Сид 4; Спортейдж 3; Лансер 9. OEM 13277083";shchetkyStekloochystytelia;ruianFriendshipAutomobileWiperBladeCoLtdShchetkyStekloochystyteliaNoname;
3FRW6540H;Комплект гибридных щёток стеклоочистеля 650 mm + 400 mm (Тип адаптера - Крючок);systemaOmvanyiaStiekol;"Щетки стеклоочистителя 650 400 адаптер крюк; дворники для автомобиля Киа Рио 3; Хендай Солярис 1; Крета Акцент; Ниссан Кашкай j11; х трейл т32. OEM 3397118911";shchetkyStekloochystytelia;ruianFriendshipAutomobileWiperBladeCoLtdShchetkyStekloochystyteliaNoname;
3FRW6545H;Комплект гибридных щёток стеклоочистеля  650 mm + 450 mm (Тип адаптера - Крючок);systemaOmvanyiaStiekol;"Комплект гибридных щеток стеклоочистителя 650 450 адаптер крюк; дворники 650/450 автомобильные для Хонда Цивик 9/10 Аутлендер 3; Тойота Камри V50 Киа Оптима JF Ситроен С5 I/ OEM 3397007706";shchetkyStekloochystytelia;ruianFriendshipAutomobileWiperBladeCoLtdShchetkyStekloochystyteliaNoname;
D911001;Комплект гибридных щеток стеклоочистителя 700 mm + 350 mm (Тип адаптера - Крючок), Деталиус;systemaOmvanyiaStiekol;"700 350 Комплект гибридных щеток стеклоочистителя Деталиус адаптер крюк; дворники для автомобиля Тойота Королла 210 e21. OEM 8522212B00";shchetkyStekloochystytelia;anhuiYoutoAutopartsCoLtdShchetkyStekloochystytelia;
D911002;Комплект гибридных щеток стеклоочистителя 650 mm + 500 mm (Тип адаптера - Крючок), Деталиус;systemaOmvanyiaStiekol;"650 500 Комплект гибридных щеток стеклоочистителя Деталиус адаптер крючок; дворники автомобильные для Тойота Ленд Крузер Прадо 150; Камри V70; Лэнд Ровер Дискавери Sport B5 L550. OEM 3397007706";shchetkyStekloochystytelia;anhuiYoutoAutopartsCoLtdShchetkyStekloochystytelia;
D911003;Комплект гибридных щеток стеклоочистителя 650 mm + 450 mm (Тип адаптера - Крючок), Деталиус;systemaOmvanyiaStiekol;"650 450 Комплект гибридных щеток стеклоочистителя Деталиус адаптер крюк; дворники 650/450 автомобильные для Хонда Цивик 9/10 Аутлендер 3; Тойота Камри V50 Киа Оптима JF Ситроен С5 I/ OEM 3397007706";shchetkyStekloochystytelia;anhuiYoutoAutopartsCoLtdShchetkyStekloochystytelia;
D911004;Комплект гибридных щеток стеклоочистителя 650 mm + 425 mm (Тип адаптера - Side Pin 22 mm), Деталиус;systemaOmvanyiaStiekol;"650 425 Комплект гибридных щеток стеклоочистителя Деталиус адаптер Side pin; дворники 650мм 425мм для автомобиля Форд Фокус 2; Пежо 207. OEM 6426YW";shchetkyStekloochystytelia;anhuiYoutoAutopartsCoLtdShchetkyStekloochystytelia;
D911005;Комплект гибридных щеток стеклоочистителя 650 mm + 400 mm (Тип адаптера - Крючок), Деталиус;systemaOmvanyiaStiekol;"650 400 Комплект гибридных щеток стеклоочистителя Деталиус адаптер крюк; дворники для автомобиля Киа Рио 3; Хендай Солярис 1; Крета Акцент; Ниссан Кашкай j11; х трейл т32. OEM 3397118911";shchetkyStekloochystytelia;anhuiYoutoAutopartsCoLtdShchetkyStekloochystytelia;
D911006;Комплект гибридных щеток стеклоочистителя 650 mm + 350 mm (Тип адаптера - Крючок), Деталиус;systemaOmvanyiaStiekol;"650 350 Комплект гибридных щеток стеклоочистителя Деталиус адаптер hook; дворники автомобильные для Тойота Королла е18, е15; Аурис е18; Киа Сид 2 jd; Сузуки сх4; Хендай Санта Фе 3. OEM 3397007570";shchetkyStekloochystytelia;anhuiYoutoAutopartsCoLtdShchetkyStekloochystytelia;
D911007;Комплект гибридных щеток стеклоочистителя 650 mm + 350 mm (Тип адаптера - Bayonet Arm), Деталиус;systemaOmvanyiaStiekol;650 350 Комплект гибридных щеток стеклоочистителя Xray, Kaptur/ Дворники 65 35 для автомобиля Лада Х Рей, Рено Каптур, Клио 4, адаптер Bayonet Arm/ Bosch Aerotwin A868S/ OEM 288909871R, 288900432R;shchetkyStekloochystytelia;anhuiYoutoAutopartsCoLtdShchetkyStekloochystytelia;
D911008;Комплект гибридных щеток стеклоочистителя 600 mm + 500 mm (Тип адаптера - Крючок), Деталиус;systemaOmvanyiaStiekol;600 500 Комплект гибридных щеток стеклоочистителя Деталиус адаптер hook, Дворники 60/ 50 см для автомобиля Киа Соренто 2 Церато 2 Соул Вольво ХС90 -07.2004, Лада Ларгус (увеличенные) OEM 3397118910;shchetkyStekloochystytelia;anhuiYoutoAutopartsCoLtdShchetkyStekloochystytelia;
D911009;Комплект гибридных щеток стеклоочистителя 600 mm + 450 mm (Тип адаптера - VATL5.1), Деталиус;systemaOmvanyiaStiekol;"600 450 Комплект гибридных щеток стеклоочистителя Деталиус адаптер Vatl5.1; Дворники 60 45 для автомобиля Лада Веста SW Cross, NG с 11.2019 года Рено Дастер с 03.2017 Ниссан Террано 3. OEM 288902888R";shchetkyStekloochystytelia;anhuiYoutoAutopartsCoLtdShchetkyStekloochystytelia;
D911010;Комплект гибридных щеток стеклоочистителя 600 mm + 450 mm (Тип адаптера - Push Button 19mm), Деталиус;systemaOmvanyiaStiekol;"600 450 Комплект гибридных щеток стеклоочистителя Деталиус адаптер Push button 19mm, Дворники для автомобиля Пежо 308 2; Киа Сид ED, CD; Джили Кулрей SX11; Шкода Суперб 2. OEM 983502L000";shchetkyStekloochystytelia;anhuiYoutoAutopartsCoLtdShchetkyStekloochystytelia;
D911011;Комплект гибридных щеток стеклоочистителя 600 mm + 450 mm (Тип адаптера - Крючок), Деталиус;systemaOmvanyiaStiekol;"600 450 Комплект гибридных щеток стеклоочистителя Деталиус адаптер крючок; Дворники для автомобиля LADA Лада Веста GFL Sw/Cross; Рено Дастер 1 Меган 2 Киа Сид 4; Спортейдж 3; Лансер 9. OEM 13277083";shchetkyStekloochystytelia;anhuiYoutoAutopartsCoLtdShchetkyStekloochystytelia;
D911012;Комплект гибридных щеток стеклоочистителя 600 mm + 425 mm (Тип адаптера - AeroClip), Деталиус;systemaOmvanyiaStiekol;"600 425 Комплект гибридных щеток стеклоочистителя Деталиус адаптер Aero clip; Дворники для автомобиля Хавал Джолион c 2021 года; Бмв Серия 2 Купе. OEM 5205102XST01A 5205104XST01A";shchetkyStekloochystytelia;anhuiYoutoAutopartsCoLtdShchetkyStekloochystytelia;
D911013;Комплект гибридных щеток стеклоочистителя 600 mm + 400 mm (Тип адаптера - Push Button 19mm), Деталиус;systemaOmvanyiaStiekol;"600 400 Комплект гибридных щеток стеклоочистителя Деталиус, адаптер Push button 19mm; Дворники автомобильные Ситроен С4 2 3 B7 NC C41; Хавал Ф7; Опель Мокка с 06.2020; Форд Куга 1 OEM 642381 642383";shchetkyStekloochystytelia;anhuiYoutoAutopartsCoLtdShchetkyStekloochystytelia;
D911014;Комплект гибридных щеток стеклоочистителя 600 mm + 400 mm (Тип адаптера - Push Button 16mm), Деталиус;systemaOmvanyiaStiekol;"600 400 Комплект гибридных щеток стеклоочистителя Деталиус адаптер Push button 16mm; Дворники автомобильные Шкода Рапид. OEM 6R1955425A 6R1955426A 6R1998002";shchetkyStekloochystytelia;anhuiYoutoAutopartsCoLtdShchetkyStekloochystytelia;
D911015;Комплект гибридных щеток стеклоочистителя 600 mm + 400 mm (Тип адаптера - Крючок), Деталиус;systemaOmvanyiaStiekol;"600 400 Дворники для автомобиля Деталиус адаптер крюк; щетки стеклоочистителя LADA Лада Гранта; Хендай Солярис 2 YC; Киа Рио 4 YB SC FB; Фольксваген Поло Седан 612, 614; Лансер 10";shchetkyStekloochystytelia;anhuiYoutoAutopartsCoLtdShchetkyStekloochystytelia;
D911016;Комплект гибридных щеток стеклоочистителя 600 mm + 380 mm (Тип адаптера - Pinch Tab), Деталиус;systemaOmvanyiaStiekol;"600 380 Комплект гибридных щеток стеклоочистителя Деталиус адаптер pinch tab; Дворники автомобильные 600мм 380мм Ниссан Кашкай j10 Nissan Qashqai. OEM 28890JD900 28890JD910";shchetkyStekloochystytelia;anhuiYoutoAutopartsCoLtdShchetkyStekloochystytelia;
D911017;Комплект гибридных щеток стеклоочистителя 550 mm + 475 mm (Тип адаптера - Крючок), Деталиус;systemaOmvanyiaStiekol;"550 475 Комплект гибридных щеток стеклоочистителя Деталиус адаптер hook; Дворники автомобильные 55-48 Шевроле Лачетти; Форд Фокус 1; Мазда 6 GG, GY; Саньенг Кайрон. OEM 3397118904";shchetkyStekloochystytelia;anhuiYoutoAutopartsCoLtdShchetkyStekloochystytelia;
D911018;Комплект гибридных щеток стеклоочистителя 550 mm + 475 mm (Тип адаптера - Bayonet Arm), Деталиус;systemaOmvanyiaStiekol;"550 475 Комплект гибридных щеток стеклоочистителя Деталиус адаптер Bayonet Arm; Дворники для автомобиля Рено Логан 2 L8 c 04.2015; Сандеро 2 B8 с 2015 года; Дастер 2 SUV с 2017 года. OEM 288905401R";shchetkyStekloochystytelia;anhuiYoutoAutopartsCoLtdShchetkyStekloochystytelia;
D911019;Комплект гибридных щеток стеклоочистителя 550 mm + 450 mm (Тип адаптера - Крючок), Деталиус;systemaOmvanyiaStiekol;"550 450 Комплект гибридных щеток стеклоочистителя Деталиус адаптер Hook Крючок; Дворники для автомобиля 55 45 Чери Тигго 7 про; Chery Tiggo 7 pro max. OEM 3397008937 3397008933";shchetkyStekloochystytelia;anhuiYoutoAutopartsCoLtdShchetkyStekloochystytelia;
D911020;Комплект гибридных щеток стеклоочистителя 550 mm + 400 mm (Тип адаптера - Крючок), Деталиус;systemaOmvanyiaStiekol;"550 400 Комплект гибридных щеток стеклоочистителя Деталиус адаптер Крючок; Дворники для автомобиля Хендай Акцент 3; Форд Фьюжн; Ниссан Альмера Классик; Шевроле Авео T200, KL1S, T255. OEM 3397118984";shchetkyStekloochystytelia;anhuiYoutoAutopartsCoLtdShchetkyStekloochystytelia;
D911021;Комплект гибридных щеток стеклоочистителя 500 mm + 500 mm (Тип адаптера - Крючок), Деталиус;systemaOmvanyiaStiekol;"500 500 Комплект гибридных щеток стеклоочистителя Деталиус адаптер Hook Крючок; Дворники для автомобиля ВАЗ 2114 2115 2110 2112";shchetkyStekloochystytelia;anhuiYoutoAutopartsCoLtdShchetkyStekloochystytelia;
D911022;Комплект бескаркасных щеток стеклоочистителя 600 mm + 400 mm (Тип адаптера - PinchTab), Деталиус;systemaOmvanyiaStiekol;Комплект бескаркасных щеток стеклоочистителя 600 mm + 400 mm (Тип адаптера - PinchTab), Деталиус;shchetkyStekloochystytelia;;new
D911023;Комплект гибридных щеток стеклоочистителя 600 mm + 400 mm (Тип адаптера - PinchTab), Деталиус;systemaOmvanyiaStiekol;Комплект гибридных щеток стеклоочистителя 600 mm + 400 mm (Тип адаптера - PinchTab), Деталиус;shchetkyStekloochystytelia;;new
DFRW5050;Комплект бескаркасных щеток стеклоочистителя 500 mm + 500 mm (Тип адаптера - Крючок), Деталиус;systemaOmvanyiaStiekol;щетки стеклоочистителя 500мм бескаркасные дворники для автомобиля ваз 2114 2115 2110 2112;shchetkyStekloochystytelia;anhuiYoutoAutopartsCoLtdShchetkyStekloochystytelia;
DFRW5540;Комплект бескаркасных щеток стеклоочистителя 550 mm + 400 mm (Тип адаптера - Крючок), Деталиус;systemaOmvanyiaStiekol;"Щетки стеклоочистителя 550 400 Деталиус адаптер крючок; дворники для автомобиля Хендай Акцент 3; Форд Фьюжн; Ниссан Альмера Классик; Шевроле Авео T200, KL1S, T255. OEM 3397118984";shchetkyStekloochystytelia;anhuiYoutoAutopartsCoLtdShchetkyStekloochystytelia;
DFRW5545;Комплект бескаркасных щеток стеклоочистителя 550 mm + 450 mm (Тип адаптера - Крючок), Деталиус;systemaOmvanyiaStiekol;"Щетки стеклоочистителя 550 450 Деталиус адаптер крючок; дворники для автомобиля Чери Тигго 7 про; Chery Tiggo 7 pro max. OEM 3397008937 3397008933";shchetkyStekloochystytelia;anhuiYoutoAutopartsCoLtdShchetkyStekloochystytelia;
DFRW5547B;Комплект бескаркасных щеток стеклоочистителя 550 mm + 475 mm (Тип адаптера - Bayonet Arm), Деталиус;systemaOmvanyiaStiekol;"Щетки стеклоочистителя 550 475 Деталиус адаптер bayonet arm; дворники для автомобиля Рено Логан 2 L8 c 04.2015; Сандеро 2 B8 с 2015 года; Дастер 2 SUV с 2017 года. OEM 288905401R 288905811R";shchetkyStekloochystytelia;anhuiYoutoAutopartsCoLtdShchetkyStekloochystytelia;
DFRW5547H;Комплект бескаркасных щеток стеклоочистителя 550 mm + 475 mm (Тип адаптера - Крючок), Деталиус;systemaOmvanyiaStiekol;"Щетки стеклоочистителя 550 475 Деталиус адаптер крюк; дворники для автомобиля Шевроле Лачетти; Форд Фокус 1; Мазда 6 GG, GY; Саньенг Кайрон. OEM 3397118904";shchetkyStekloochystytelia;anhuiYoutoAutopartsCoLtdShchetkyStekloochystytelia;
DFRW6038;Комплект бескаркасных щеток стеклоочистителя 600 mm + 380 mm (Тип адаптера - Pinch Tab), Деталиус;systemaOmvanyiaStiekol;"Щетки стеклоочистителя 600мм 380мм Деталиус адаптер pinch tab; дворники для автомобиля Ниссан Кашкай j10. OEM 28890JD900 28890JD910";shchetkyStekloochystytelia;anhuiYoutoAutopartsCoLtdShchetkyStekloochystytelia;
DFRW6040H;Комплект бескаркасных щеток стеклоочистителя 600 mm + 400 mm (Тип адаптера - Крючок), Деталиус;systemaOmvanyiaStiekol;"Дворники для автомобиля 600 400 Деталиус адаптер крюк; щетки стеклоочистителя LADA Лада Гранта; Хендай Солярис 2 YC; Киа Рио 4 YB SC FB; Фольксваген Поло Седан 612, 614; Лансер 10";shchetkyStekloochystytelia;anhuiYoutoAutopartsCoLtdShchetkyStekloochystytelia;
DFRW6040P6;Комплект бескаркасных щеток стеклоочистителя 600 mm + 400 mm (Тип адаптера - Push Button 16mm), Деталиус;systemaOmvanyiaStiekol;"Дворники для автомобиля 600 400 Деталиус адаптер Push button 16mm; щетки стеклоочистителя Шкода Рапид. OEM 6R1955425A 6R1955426A 6R1998002";shchetkyStekloochystytelia;anhuiYoutoAutopartsCoLtdShchetkyStekloochystytelia;
DFRW6040P9;Комплект бескаркасных щеток стеклоочистителя 600 mm + 400 mm (Тип адаптера - Push Button 19mm), Деталиус;systemaOmvanyiaStiekol;"Дворники для автомобиля 600/400 Деталиус адаптер Push button 19mm; щетки стеклоочистителя Ситроен С4 2 3 B7 NC C41; Хавал Ф7; Опель Мокка с 06.2020; Форд Куга 1; Пежо 208 2. OEM 642381 642383";shchetkyStekloochystytelia;anhuiYoutoAutopartsCoLtdShchetkyStekloochystytelia;
DFRW6042;Комплект бескаркасных щеток стеклоочистителя 600 mm + 425 mm (Тип адаптера - AeroClip), Деталиус;systemaOmvanyiaStiekol;"Дворники для автомобиля 600 425 Деталиус адаптер Aero clip; щетки стеклоочистителя Хавал Джолион c 2021 года. OEM 5205102XST01A 5205104XST01A";shchetkyStekloochystytelia;anhuiYoutoAutopartsCoLtdShchetkyStekloochystytelia;
DFRW6045H;Комплект бескаркасных щеток стеклоочистителя 600 mm + 450 mm (Тип адаптера - Крючок), Деталиус;systemaOmvanyiaStiekol;"Щетки стеклоочистителя 600/450 Деталиус адаптер крючок; дворники для автомобиля LADA Лада Веста GFL, SW/SW Cross; Рено Дастер SUV 2015-2017; Меган 2; Киа Сид 4; Спортейдж 3; Лансер 9. OEM 13277083";shchetkyStekloochystytelia;anhuiYoutoAutopartsCoLtdShchetkyStekloochystytelia;
DFRW6045P;Комплект бескаркасных щеток стеклоочистителя 600 mm + 450 mm (Тип адаптера - Push Button 19mm), Деталиус;systemaOmvanyiaStiekol;"Щетки стеклоочистителя 600/450 Деталиус адаптер Push button 19mm; дворники для автомобиля Пежо 308 2; Киа Сид ED, CD; Джили Кулрей SX11; Шкода Суперб 2. OEM 983502L000";shchetkyStekloochystytelia;anhuiYoutoAutopartsCoLtdShchetkyStekloochystytelia;
DFRW6045V;Комплект бескаркасных щеток стеклоочистителя 600 mm + 450 mm (Тип адаптера - VATL5.1), Деталиус;systemaOmvanyiaStiekol;"Щетки стеклоочистителя 600/450 Деталиус адаптер Vatl5.1; дворники 600 450 для автомобиля Лада Веста SW Cross, NG с 11.2019 года; Рено Дастер с 03.2017; Ниссан Террано 3. OEM 288902888R";shchetkyStekloochystytelia;anhuiYoutoAutopartsCoLtdShchetkyStekloochystytelia;
DFRW6050;Комплект бескаркасных щеток стеклоочистителя 600 mm + 500 mm (Тип адаптера - Крючок), Деталиус;systemaOmvanyiaStiekol;"Щетки стеклоочистителя 600мм 500мм Деталиус адаптер hook; дворники 600/500 для автомобиля Киа Соренто 2, Церато 2 TD, Соул; Вольво ХС90 1 до 07.2004, Лада Ларгус (увеличенные). OEM 3397118910";shchetkyStekloochystytelia;anhuiYoutoAutopartsCoLtdShchetkyStekloochystytelia;
DFRW6535B;Комплект бескаркасных щеток стеклоочистителя 650 mm + 350 mm (Тип адаптера - Bayonet Arm), Деталиус;systemaOmvanyiaStiekol;Щетки стеклоочистителя 650 350 Xray, Kaptur / Дворники 650 350 для автомобиля Лада Х Рей, Рено Каптур, Клио 4, адаптер Bayonet Arm / кросс номер Bosch Aerotwin A868S / OEM 288909871R, 288900432R;shchetkyStekloochystytelia;anhuiYoutoAutopartsCoLtdShchetkyStekloochystytelia;
DFRW6535H;Комплект бескаркасных щеток стеклоочистителя 650 mm + 350 mm (Тип адаптера - Крючок), Деталиус;systemaOmvanyiaStiekol;"Щетки стеклоочистителя 650 350 Деталиус адаптер hook; дворники автомобильные для Тойота Королла е18, е15; Аурис е18; Киа Сид 2 jd; Сузуки сх4; Хендай Санта Фе 3. OEM 3397007570";shchetkyStekloochystytelia;anhuiYoutoAutopartsCoLtdShchetkyStekloochystytelia;
DFRW6540;Комплект бескаркасных щеток стеклоочистителя 650 mm + 400 mm (Тип адаптера - Крючок), Деталиус;systemaOmvanyiaStiekol;"Щетки стеклоочистителя 650 400 Деталиус адаптер крюк; дворники для автомобиля Киа Рио 3; Хендай Солярис 1; Крета Акцент; Ниссан Кашкай j11; х трейл т32. OEM 3397118911";shchetkyStekloochystytelia;anhuiYoutoAutopartsCoLtdShchetkyStekloochystytelia;
DFRW6542;Комплект бескаркасных щеток стеклоочистителя 650 mm + 425 mm (Тип адаптера - Side Pin 22 mm), Деталиус;systemaOmvanyiaStiekol;"Щетки стеклоочистителя 650 425 Деталиус адаптер Side pin; дворники 650мм 425мм для автомобиля Форд Фокус 2; Пежо 207. OEM 6426YW";shchetkyStekloochystytelia;anhuiYoutoAutopartsCoLtdShchetkyStekloochystytelia;
DFRW6545;Комплект бескаркасных щеток стеклоочистителя 650 mm + 450 mm (Тип адаптера - Крючок), Деталиус;systemaOmvanyiaStiekol;"Щетки стеклоочистителя 650 450 Деталиус адаптер крюк; дворники 650/450 автомобильные для Хонда Цивик 9, 10; Аутлендер 3; Тойота Камри V50; Киа Оптима JF; Ситроен С5 1 до 11.2003. OEM 3397007706";shchetkyStekloochystytelia;anhuiYoutoAutopartsCoLtdShchetkyStekloochystytelia;
DFRW6550;Комплект бескаркасных щеток стеклоочистителя 650 mm + 500 mm (Тип адаптера - Крючок), Деталиус;systemaOmvanyiaStiekol;"Щетки стеклоочистителя 650 500 Деталиус адаптер крючок; дворники автомобильные для Тойота Ленд Крузер Прадо 150; Камри V70; Лэнд Ровер Дискавери Sport B5 L550. OEM 3397007706";shchetkyStekloochystytelia;anhuiYoutoAutopartsCoLtdShchetkyStekloochystytelia;
DFRW7035;Комплект бескаркасных щеток стеклоочистителя 700 mm + 350 mm (Тип адаптера - Крючок), Деталиус;systemaOmvanyiaStiekol;"Щетки стеклоочистителя 700 350 Деталиус адаптер крюк; дворники для автомобиля Тойота Королла 210 e21. OEM 8522212B00";shchetkyStekloochystytelia;anhuiYoutoAutopartsCoLtdShchetkyStekloochystytelia;
FRW5050;Комплект бескаркасных щёток стеклоочистеля  500 mm + 500 mm (Тип адаптера - Крючок);systemaOmvanyiaStiekol;Щетки стеклоочистителя 500мм бескаркасные дворники для автомобиля ваз 2114 2115 2110 2112;shchetkyStekloochystytelia;ruianFriendshipAutomobileWiperBladeCoLtdShchetkyStekloochystyteliaNoname;
FRW5545;Комплект бескаркасных щёток стеклоочистеля  550 mm + 450 mm (Тип адаптера - Крючок);systemaOmvanyiaStiekol;"Щетки стеклоочистителя 550 450 адаптер крючок; дворники для автомобиля Чери Тигго 7 про; Chery Tiggo 7 pro max. OEM 3397008937 3397008933";shchetkyStekloochystytelia;ruianFriendshipAutomobileWiperBladeCoLtdShchetkyStekloochystyteliaNoname;
FRW5547B;Комплект бескаркасных щёток стеклоочистеля  550 mm + 475 mm (Тип адаптера - Bayonet Arm);systemaOmvanyiaStiekol;"Щетки стеклоочистителя 550 475 адаптер bayonet arm; дворники для автомобиля Рено Логан 2 L8 c 04.2015; Сандеро 2 B8 с 2015 года; Дастер 2 SUV с 2017 года. OEM 288905401R 288905811R";shchetkyStekloochystytelia;ruianFriendshipAutomobileWiperBladeCoLtdShchetkyStekloochystyteliaNoname;
FRW6038;Комплект бескаркасных щёток стеклоочистеля  600 mm + 380 mm (Тип адаптера - Pinch Tab);systemaOmvanyiaStiekol;"Щетки стеклоочистителя 600мм 380мм адаптер pinch tab; дворники для автомобиля Ниссан Кашкай j10. OEM 28890JD900 28890JD910";shchetkyStekloochystytelia;ruianFriendshipAutomobileWiperBladeCoLtdShchetkyStekloochystyteliaNoname;
FRW6040H;Комплект бескаркасных щёток стеклоочистеля  600 mm + 400 mm (Тип адаптера - Крючок);systemaOmvanyiaStiekol;"Дворники для автомобиля 600 400 адаптер крюк; щетки стеклоочистителя LADA Лада Гранта; Хендай Солярис 2 YC; Киа Рио 4 YB SC FB; Фольксваген Поло Седан 612, 614; Лансер 10";shchetkyStekloochystytelia;ruianFriendshipAutomobileWiperBladeCoLtdShchetkyStekloochystyteliaNoname;
FRW6040P6;Комплект бескаркасных щёток стеклоочистеля  600 mm + 400 mm (Тип адаптера - Push Button 16mm);systemaOmvanyiaStiekol;"Дворники для автомобиля 600 400 адаптер Push button 16mm; щетки стеклоочистителя Шкода Рапид. OEM 6R1955425A 6R1955426A 6R1998002";shchetkyStekloochystytelia;ruianFriendshipAutomobileWiperBladeCoLtdShchetkyStekloochystyteliaNoname;
FRW6040P9;Комплект бескаркасных щёток стеклоочистеля  600 mm + 400 mm (Тип адаптера - Push Button 19mm);systemaOmvanyiaStiekol;"Дворники для автомобиля 600/400 адаптер Push button 19mm; щетки стеклоочистителя Ситроен С4 2 3 B7 NC C41; Хавал Ф7; Опель Мокка с 06.2020; Форд Куга 1; Пежо 208 2. OEM 642381 642383";shchetkyStekloochystytelia;ruianFriendshipAutomobileWiperBladeCoLtdShchetkyStekloochystyteliaNoname;
FRW6042;Комплект бескаркасных щёток стеклоочистеля  600 mm + 425 mm (Тип адаптера - AeroClip);systemaOmvanyiaStiekol;"Дворники для автомобиля 600 425 адаптер Aero clip; щетки стеклоочистителя Хавал Джолион c 2021 года; Бмв Серия 2 Купе. OEM 5205102XST01A 5205104XST01A";shchetkyStekloochystytelia;ruianFriendshipAutomobileWiperBladeCoLtdShchetkyStekloochystyteliaNoname;
FRW6045H;Комплект бескаркасных щёток стеклоочистеля  600 mm + 450 mm (Тип адаптера - Крючок);systemaOmvanyiaStiekol;"Щетки стеклоочистителя 600/450 адаптер крючок; дворники для автомобиля LADA Лада Веста GFL, SW/SW Cross; Рено Дастер SUV 2015-2017; Меган 2; Киа Сид 4; Спортейдж 3; Лансер 9. OEM 13277083";shchetkyStekloochystytelia;ruianFriendshipAutomobileWiperBladeCoLtdShchetkyStekloochystyteliaNoname;
FRW6045P;Комплект бескаркасных щёток стеклоочистеля  600 mm + 450 mm (Тип адаптера - Push Button 19mm);systemaOmvanyiaStiekol;"Щетки стеклоочистителя 600/450 адаптер Push button 19mm; дворники для автомобиля Пежо 308 2; Киа Сид ED, CD; Джили Кулрей SX11; Шкода Суперб 2. OEM 983502L000";shchetkyStekloochystytelia;ruianFriendshipAutomobileWiperBladeCoLtdShchetkyStekloochystyteliaNoname;
FRW6045V;Комплект бескаркасных щёток стеклоочистеля  600 mm + 450 mm (Тип адаптера - VALT5.1);systemaOmvanyiaStiekol;"Щетки стеклоочистителя 600/450 адаптер Vatl5.1; дворники 600 450 для автомобиля Лада Веста SW Cross, NG с 11.2019 года; Рено Дастер с 03.2017; Ниссан Террано 3. OEM 288902888R";shchetkyStekloochystytelia;ruianFriendshipAutomobileWiperBladeCoLtdShchetkyStekloochystyteliaNoname;
FRW6050;Комплект бескаркасных щёток стеклоочистеля  600 mm + 500 mm (Тип адаптера - Крючок);systemaOmvanyiaStiekol;"Щетки стеклоочистителя 600мм 500мм адаптер hook; дворники 600/500 для автомобиля Киа Соренто 2, Церато 2 TD, Соул; Вольво ХС90 1 до 07.2004, Лада Ларгус (увеличенные). OEM 3397118910";shchetkyStekloochystytelia;ruianFriendshipAutomobileWiperBladeCoLtdShchetkyStekloochystyteliaNoname;
FRW6535B;Комплект бескаркасных щёток стеклоочистеля  650 mm + 350 mm (Тип адаптера - Bayonet Arm);systemaOmvanyiaStiekol;Щетки стеклоочистителя 650 350 Xray, Kaptur / Дворники 650 350 для автомобиля Лада Х Рей, Рено Каптур, Клио 4, адаптер Bayonet Arm / кросс номер Bosch Aerotwin A868S / OEM 288909871R, 288900432R;shchetkyStekloochystytelia;ruianFriendshipAutomobileWiperBladeCoLtdShchetkyStekloochystyteliaNoname;
FRW6535H;Комплект бескаркасных щёток стеклоочистеля  650 mm + 350 mm (Тип адаптера - Крючок);systemaOmvanyiaStiekol;"Щетки стеклоочистителя 650 350 адаптер hook; дворники автомобильные для Тойота Королла е18, е15; Аурис е18; Киа Сид 2 jd; Сузуки сх4; Хендай Санта Фе 3. OEM 3397007570";shchetkyStekloochystytelia;ruianFriendshipAutomobileWiperBladeCoLtdShchetkyStekloochystyteliaNoname;
FRW6540;Комплект бескаркасных щёток стеклоочистеля  650 mm + 400 mm (Тип адаптера - Крючок);systemaOmvanyiaStiekol;"Щетки стеклоочистителя 650 400 адаптер крюк; дворники для автомобиля Киа Рио 3; Хендай Солярис 1; Крета Акцент; Ниссан Кашкай j11; х трейл т32. OEM 3397118911";shchetkyStekloochystytelia;ruianFriendshipAutomobileWiperBladeCoLtdShchetkyStekloochystyteliaNoname;
FRW6542;Комплект бескаркасных щёток стеклоочистеля  650 mm + 425 mm (Тип адаптера - Side Pin 22 mm);systemaOmvanyiaStiekol;"Щетки стеклоочистителя 650 425 адаптер Side pin; дворники 650мм 425мм для автомобиля Форд Фокус 2; Пежо 207. OEM 6426YW";shchetkyStekloochystytelia;ruianFriendshipAutomobileWiperBladeCoLtdShchetkyStekloochystyteliaNoname;
FRW6545;Комплект бескаркасных щёток стеклоочистеля  650 mm + 450 mm (Тип адаптера - Крючок);systemaOmvanyiaStiekol;"Щетки стеклоочистителя 650 450 адаптер крюк; дворники 650/450 автомобильные для Хонда Цивик 9, 10; Аутлендер 3; Тойота Камри V50; Киа Оптима JF; Ситроен С5 1 до 11.2003. OEM 3397007706";shchetkyStekloochystytelia;ruianFriendshipAutomobileWiperBladeCoLtdShchetkyStekloochystyteliaNoname;
FRW6550;Комплект бескаркасных щёток стеклоочистеля  650 mm + 500 mm (Тип адаптера - Крючок);systemaOmvanyiaStiekol;"Щетки стеклоочистителя 650 500 адаптер крючок; дворники автомобильные для Тойота Ленд Крузер Прадо 150; Камри V70; Лэнд Ровер Дискавери Sport B5 L550. OEM 3397007706";shchetkyStekloochystytelia;ruianFriendshipAutomobileWiperBladeCoLtdShchetkyStekloochystyteliaNoname;
М221001;Воздушный фильтр для Ford Focus II-III, Kuga I-II, Mazda 5, Volvo, МАВИКО;tovarDliaTo;Фильтр воздушный Форд Фокус 2/3, Куга 1/2, С Макс, С Макс 2, Эскейп, Мазда 5, Вольво с30/S40 Кросс номер FILTRON AK 372-1, OEM 1848220 1708877;fyltrVozdushne;oooNordfil;
М221002;Воздушный фильтр для Lada Largus (K4M), Renault Duster, Logan I-II, Nissan Almera G15, МАВИКО;tovarDliaTo;Фильтр воздушный Лада Ларгус, Рено Логан 1, Дастер, Меган 2, Сандеро 2, Ниссан Альмера G15 Кросс номер Big filter GB 9719, OEM 8200431051;fyltrVozdushne;oooNordfil;
М221003;Воздушный фильтр для Lada Granta, Niva, Priora, Kalina, Samara, 2110-2112, Datsun, МАВИКО;tovarDliaTo;Фильтр воздушный Калина Гранта Приора Датсун Ваз 2109 2110 2112 2114 2115 с двигателем 21114 21116 21126 21127 / Кросс номер Mann filter C22117, OEM 21120110908082;fyltrVozdushne;oooNordfil;
М221004;Воздушный фильтр для Toyota Corolla, Avensis, RAV4, Lexus, МАВИКО;tovarDliaTo;Фильтр воздушный Тойота Авенсис т270, Аурис, Ярис, Версо, Аллион 260, Rav4 / Кросс номер AIKO A1013, OEM 178010d060;fyltrVozdushne;oooNordfil;
М221005;Воздушный фильтр для Hyundai Solaris, Veloster, Kia Rio III, Soul I-II, МАВИКО;tovarDliaTo;Фильтр воздушный Хендай Акцент, Солярис 1, Солярис 2, Киа Рио 3, Соул 1, Соул 2, Hyundai Veloster / Кросс номер NEVSKY FILTER NF5456M, OEM 281131R100 28113-1R100;fyltrVozdushne;oooNordfil;
М221006;Воздушный фильтр для Mitsubishi ASX, Lancer VIII, Outlander II, Citroen, МАВИКО;tovarDliaTo;Фильтр воздушный Ситроен С Кроссер, Ситроен с4, Mitsubishi Asx, Outlander xl 2, Lancer 8, Пежо 4007, 4008 / Кросс номер LYNX LX2616, OEM 1500A023 1500A190;fyltrVozdushne;oooNordfil;
М221007;Воздушный фильтр для Nissan, Subaru, Infiniti, GM, МАВИКО;tovarDliaTo;Фильтр воздушный Ниссан Альмера классик б10, Примера р12 р11, Nissan Pathfinder R50, Teana j31 X-Trail T30, Isuzu, Субару Форестер sg, Suzuki SX4 / Кросс номер SAKURA A1818, OEM 165463J400 16546V0100;fyltrVozdushne;oooNordfil;
М221008;Воздушный фильтр для Volkswagen Golf, Polo, Jetta, Skoda Octavia, Rapid, Seat, МАВИКО;tovarDliaTo;Фильтр воздушный Шкода Октавия А5, Фабия 2, Румстер Volkswagen Golf 6, Jetta 6, Polo 5, Vento Seat Leon Ibiza / Кросс номер Big filter GB8001, OEM VAG 036129620J 036129620H;fyltrVozdushne;oooNordfil;
М221009;Воздушный фильтр для Lada Vesta (до 2017/2019 г), Xray, Largus (с 2018 г.), Renault, Nissan, МАВИКО;tovarDliaTo;Фильтр воздушный Лада Ларгус Веста Lada XRay Ниссан Террано 3, Рено логан 2, Сандеро Степвей 2, Каптур Доккер Дастер 2 Аркана / Кросс номер Mann filter C27030, OEM 165460509R 165467674R;fyltrVozdushne;oooNordfil;
М221010;Воздушный фильтр для Mazda CX-5, 3, 6, МАВИКО;tovarDliaTo;Фильтр воздушный Мазда 3 BM, 6 gj-gl, сх5/ Mazda CX-5, 6 GJ-GL, 3 BM / Кросс номер Mann filter C27019, OEM PE07133A0A;fyltrVozdushne;oooNordfil;
М221011;Воздушный фильтр для Chevrolet Cruze, Orlando, Opel Astra, Zafira, МАВИКО;tovarDliaTo;Фильтр воздушный Шевроле Круз Орландо, Опель Астра J Зафира с/ Chevrolet Cruze Orlando, Opel Astra J, Astra Gts Zafira C Tourer / Кросс номер Mann filter C26108, OEM OPEL 834622;fyltrVozdushne;oooNordfil;
М221012;Воздушный фильтр для Hyundai Creta, МАВИКО;tovarDliaTo;Фильтр воздушный Хендай Крета 1, Creta 1.6, Creta 2.0 / Кросс номер Filtron AP1976, OEM 28113M4000 28113-M4000;fyltrVozdushne;oooNordfil;
М221021;Воздушный фильтр для авто с 2019 г.в. Лада Веста ;tovarDliaTo;Воздушный фильтр для авто с 2019 г.в. Лада Веста ;fyltrVozdushne;;new
М241019;Салонный фильтр для Лада Гранта Калина Нива 4х4 Тревел;tovarDliaTo;Салонный фильтр для Лада Гранта Калина Нива 4х4 Тревел;fyltrSalonne;;
М241020C;Фильтр салонный угольный для Лада Гранта Калина Нива Тревел;tovarDliaTo;Фильтр салонный угольный для Лада Гранта Калина Нива Тревел;fyltrSalonne;;
М221023;Фильтр воздушный для Hyundai Solaris 2 с 01.2017- 1.4, 1.6, Kia Rio с 02.2017- 1.4, 1.6;tovarDliaTo;Фильтр воздушный для Hyundai Solaris 2 с 01.2017- 1.4, 1.6, Kia Rio с 02.2017- 1.4, 1.6;fyltrVozdushne;;new
М241023;Фильтр салонный Kia Rio 3, Hyundai Solaris;tovarDliaTo;Фильтр салонный Kia Rio 3, Hyundai Solaris;fyltrSalonne;;new
М241024C;Фильтр салонный угольный ХЕНДАЙ Solaris  КИА Rio;tovarDliaTo;Фильтр салонный угольный ХЕНДАЙ Solaris  КИА Rio;fyltrSalonne;;new
М241025C;Фильтр салонный угольный КИА Рио 4, Солярис 2;tovarDliaTo;Фильтр салонный угольный КИА Рио 4, Солярис 2;fyltrSalonne;;new
М241027;Фильтр салонный ТОЙОТА Auris Avensis Камри Corolla Land Cruiser;tovarDliaTo;Фильтр салонный ТОЙОТА Auris Avensis Камри Corolla Land Cruiser;fyltrSalonne;;new
М241029;Фильтр салонный CHEVROLET ШЕВРОЛЕ Aveo Авео;tovarDliaTo;Фильтр салонный CHEVROLET ШЕВРОЛЕ Aveo Авео;fyltrSalonne;;new
MF10010M;"Фильтр масляный для Chevrolet: Aveo I, II 08-, Cruze I 09-; Opel: Astra G, H, J 98-, Insignia 08-, Mokka 12-, Vectra C 06-, МАВИКО";tovarDliaTo;Фильтр масляный Шевроле/Опель/OEM 55594651;fyltrMasliane;zhenhanJiangxiScienceAndTechnologyCoLtdMaslianeFyltr;
MF10011M;"Фильтр масляный для Audi: A3, Q3; Skoda: Fabia, Kodiaq, Octavia, Rapid; Volkswagen: Polo Sedan, Tiguan, МАВИКО";tovarDliaTo;"Фильтр масляный Audi A3 Q3; Skoda Fabia Kodiaq Octavia Rapid; Volkswagen Polo Sedan Tiguan /кросс-номер MANN W 71295 /OEM 04E115561H 04E115561";fyltrMasliane;zhenhanJiangxiScienceAndTechnologyCoLtdMaslianeFyltr;
MF10012M;"Фильтр масляный для Fiat: Albea 02-; Mitsubishi: ASX 10-, Outlander II, III 06-, Pajero 88-, Lancer, МАВИКО";tovarDliaTo;Фильтр масляный Черри/Хавал/Митсубиси/OEM MD360935;fyltrMasliane;zhenhanJiangxiScienceAndTechnologyCoLtdMaslianeFyltr;
MF10013M;Фильтр масляный для GAZ-3302 (дв.CUMMINS), МАВИКО;tovarDliaTo;Фильтр масляный Cummins 2.8 LF17356 ГАЗель Бизнес, ГАЗель Некст, Камминс, Камминз, 3302, ГАЗ 2705, 2217 / кросс номер MANN LF17356 ( kf 6356 ) / OEM 444400001735600;fyltrMasliane;zhenhanJiangxiScienceAndTechnologyCoLtdMaslianeFyltr;
MF10014M;"Фильтр масляный для Chevrolet Lacetti: Daewoo: Espero 91-, Nexia 95-; Opel: Astra F, G, H, 91-, Corsa A, B, C, 82-, Vectra A, B, C 88-, МАВИКО";tovarDliaTo;Фильтр масляный Chevrolet Cruze, Opel Astra/OEM 96879797;fyltrMasliane;zhenhanJiangxiScienceAndTechnologyCoLtdMaslianeFyltr;
MF10015M;Фильтр масляный для Ford, Mazda, Toyota, Chery, МАВИКО;tovarDliaTo;Фильтр масляный Toyota Camry, Land Cruiser, Тойота Королла, Прадо, Lexus / кросс номер MANN w712/83 /OEM 9091520003, 90915YZZD4, 90915YZZJ3;fyltrMasliane;zhenhanJiangxiScienceAndTechnologyCoLtdMaslianeFyltr;
MF10016M;"Фильтр масляный для Citroen: Berlingo, C4, C5, Xsara Picasso; Peugeot: 206, 207, 208, 307, 308, 408, Ford (DT), Volvo (DT), МАВИКО";tovarDliaTo;Фильтр масляный Форд Фокус, Мондео, Пежо 308, Джили Эмгранд ЕС7, Ситроен С4 / кросс номер MANN HU71151X /OEM 1109CK, 9818914980, 1109AH;fyltrMasliane;zhenhanJiangxiScienceAndTechnologyCoLtdMaslianeFyltr;
MF10017M;Фильтр масляный для Honda: Accord II-VIII, CR-V, I-IV, Civic IV-X, Jazz II-IV, МАВИКО;tovarDliaTo;Фильтр масляный Honda Accord, CR-V, HR-V/OEM 15400RTA003;fyltrMasliane;zhenhanJiangxiScienceAndTechnologyCoLtdMaslianeFyltr;
MF10018M;Фильтр масляный для Geely, Toyota, Suzuki, Fiat, Subaru, МАВИКО;tovarDliaTo;Фильтр масляный Джили Атлас, Сузуки Гранд Витара, Тойота Рав 4, Авенсис Т / кросс номер MANN W610/9 /OEM 90915YZZJ2, 9091510004, 90915YZZE2;fyltrMasliane;zhenhanJiangxiScienceAndTechnologyCoLtdMaslianeFyltr;
MF1001M;Фильтр масляный для Lada Largus (K7M, K4M), Renault: Logan, Sandero I-II, МАВИКО;tovarDliaTo;Фильтр масляный Лада Ларгус, Рено Логан, Дастер К4М, К7М / кросс номер MANN w75/3 / OEM 7700274177, 8200768913, 8200768913, 7700873603;fyltrMasliane;zhenhanJiangxiScienceAndTechnologyCoLtdMaslianeFyltr;
MF1002M;Фильтр масляный для Lada: Largus, Granta, Vesta, XRAY, 2108-09, 2113-15, Kalina, Priora, МАВИКО;tovarDliaTo;Фильтр масляный Ваз 2110, 2114, 2115, Ларгус, Гранта, Веста, Приора / кросс номер MANN w914/2 / OEM 21080101200582, 21080101200508;fyltrMasliane;zhenhanJiangxiScienceAndTechnologyCoLtdMaslianeFyltr;
MF1003M;Фильтр масляный для Hyundai Solaris, Kia Rio, МАВИКО;tovarDliaTo;"Масляный фильтр Hyundai Solaris;Santa Fe;Sonata Elantra/Kia Rio; Ceed;Sportage;Sorento/OEM 2630035505";fyltrMasliane;zhenhanJiangxiScienceAndTechnologyCoLtdMaslianeFyltr;
MF1004M;"Фильтр масляный для Toyota: Rav 4, Camry; Lexus NX, МАВИКО";tovarDliaTo;Фильтр масляный Toyota Lexus Geely Lifan Nissan Suzuki Peugeot Citroen/OEM 9091510003;fyltrMasliane;zhenhanJiangxiScienceAndTechnologyCoLtdMaslianeFyltr;
MF1005M;"Фильтр масляный для VAZ 2101-2107; NIVA, МАВИКО";tovarDliaTo;Фильтр масляный Нива 2121, Ваз 2107, 2106, Уаз Хантер, Буханка / кросс номер w920/21 MANN / OEM 15208BN30A, 21010101200582;fyltrMasliane;zhenhanJiangxiScienceAndTechnologyCoLtdMaslianeFyltr;
MF1006M;Фильтр масляный для Ford: Focus 1-4, Ecosport, Kuga 2, Fiesta 4-6, B Max, C Max 1-2, Fusion, Mondeo 4-5-, МАВИКО;tovarDliaTo;Фильтр масляный Форд Фокус, Фьюжн, Куга, Вольво s40, s60, s80 / кросс номер w7008 MANN / OEM 1883037, 1714387, 1007705;fyltrMasliane;zhenhanJiangxiScienceAndTechnologyCoLtdMaslianeFyltr;
MF1007M;Фильтр масляный для Ford: Focus II, III, IV, Mondeo, МАВИКО;tovarDliaTo;Фильтр масляный для Форд Фиеста, С Макс, Куга, Мондео, Транзит, Вольво S / кросс номер MANN w7015 / OEM 1751529, 2468342, 5015485;fyltrMasliane;zhenhanJiangxiScienceAndTechnologyCoLtdMaslianeFyltr;
MF1008M;"Фильтр масляный для Lada: Vesta/X-Ray (H4M); Nissan: Qashqai I, II 07-, X-Trail I-III; Renault: Duster, Arkana, Fluence, Megane H4M,, МАВИКО";tovarDliaTo;Фильтр масляный Рено Дастер Ниссан Кашкай Веста/ OEM 152089F60A;fyltrMasliane;zhenhanJiangxiScienceAndTechnologyCoLtdMaslianeFyltr;
MF1009M;"Фильтр масляный для Volkswagen: Polo Sedan (Rus), 1.6, Golf V, VI; Skoda: Rapid, Fabia II, Octavia II, МАВИКО";tovarDliaTo;Фильтр масляный Шкода Рапид NH3, Октавия, Фабия, Фольксваген Поло седан, Пассат / кросс номер MANN w712/94 / OEM 03C115561H, 03C115561D;fyltrMasliane;zhenhanJiangxiScienceAndTechnologyCoLtdMaslianeFyltr;
М241001C;Угольный салонный фильтр для Renault Logan, Duster I, Lada Largus, Nissan Almera G15, Micra, МАВИКО;tovarDliaTo;Фильтр салонный угольный Лада Ларгус, Ниссан Альмера G15 Микра К12 Ноут Е11 Марч К12 Террано 3, Рено Дастер 1 Логан 1 Сандеро 1 Клио 3, Митсубиси Дион / Кросс номер Nordfil CN 1002K , OEM 8201153808;fyltrSalonne;oooNordfil;
М241002C;Угольный салонный фильтр для Mitsubishi ASX, Lancer VIII, Outlander II-III, Citroen, МАВИКО;tovarDliaTo;Фильтр салонный угольный Лада Веста, Х Рей, Митсубиси Л200, Аутлендер XL, Аутлендер 3, Паджеро Спорт 3, Пежо 4007 / Кросс номер SAKURA CAC-18120, OEM 7803A004 7803A005;fyltrSalonne;oooNordfil;
М241003;Салонный фильтр для Mazda CX-5, 3, 6, HONGQI, МАВИКО;tovarDliaTo;Фильтр салонный пылевой Hongqi HS5/H5, Mazda 3 bm, 6 gj/6 gl, cx-5 / Мазда 3, 6, Сх5, Хончи / Кросс номер MANN-FILTER CU24009, OEM KD4561J6X9A;fyltrSalonne;oooNordfil;
М241004C;Угольный салонный фильтр для Nissan Qashqai J10, X-Trail II T31, МАВИКО;tovarDliaTo;Фильтр салонный угольный Ниссан Кашкай j10, Х-Трейл Т31, Дуалис / Nissan Qashqai j10, X-Trail T31, Dualis / Кросс номер MANN-FILTER CU1936, OEM 27277-EN000;fyltrSalonne;oooNordfil;
М241005C;Угольный салонный фильтр для Volkswagen Polo (V, Sedan), Skoda Rapid, Fabia, Seat, МАВИКО;tovarDliaTo;Фильтр салонный угольный Шкода Фабия 2, Рапид, Фольксваген Поло 5, Поло седан / Skoda Fabia 2, Rapid, Volkswagen Polo, Vw Polo Sedan / Кросс номер MANN-FILTER CUK 26010, OEM VAG 6R0819653 6R0820367;fyltrSalonne;oooNordfil;
М241006C;Угольный салонный фильтр для Ford Focus III, C-Max II, Kuga II, Volvo V40, МАВИКО;tovarDliaTo;Фильтр салонный угольный Форд Фокус 3, Куга 2, С Макс Эскейп 2, Вольво V40 / Ford Focus 3, Kuga 2, C-Max Escape 2, Volvo V40 / Кросс номер FILTRON K1350A/ OEM 1709013;fyltrSalonne;oooNordfil;
М241007;Салонный фильтр для Volkswagen Golf, Tiguan, Passat, Skoda Octavia II, Superb II, Yeti, Audi, Seat, МАВИКО;tovarDliaTo;Фильтр салонный пылевой Шкода Октавия А5, Фольксваген Джетта 6, Тигуан 1 / Skoda Octavia A5, Yeti, Volkswagen Jetta 6, Passat b7, CC / Кросс номер MANN-FILTER CUK2939/ OEM VAG 1K1819653B 1K0819644B;fyltrSalonne;oooNordfil;
М241008C;Угольный салонный фильтр для Volkswagen Golf, Tiguan, Passat, Skoda Octavia II, Superb II, Yeti, Audi, Seat, МАВИКО;tovarDliaTo;Фильтр угольный пылевой Шкода Октавия А5, Фольксваген Джетта 6, Тигуан 1 / Skoda Octavia A5, Yeti, Volkswagen Jetta 6, Passat b7, CC / Кросс номер MANN-FILTER CUK2939/ OEM VAG 1K1819653B 1K0819644B;fyltrSalonne;oooNordfil;
М241009C;Угольный салонный фильтр для Volkswagen Tiguan II-III, Taos, Skoda Kodiaq I-II, Karoq, Octavia III-IV, Audi, Seat, МАВИКО;tovarDliaTo;Фильтр салонный угольный Шкода Октавия А7 Кодиак, Фольксваген Тигуан 2 Гольф 7 Пассат Б8/ Skoda Octavia A7 Kodiaq, Vw Passat b8 Tiguan 2/ Кросс номер MANN-FILTER CUK26009/ OEM VAG 5Q0819669 5Q0819653;fyltrSalonne;oooNordfil;
М241010;Салонный фильтр для Lada Vesta, Xray, Renault Arkana, Kaptur, Logan II, Duster II, Mitsubishi, Nissan, МАВИКО;tovarDliaTo;Фильтр салонный пылевой Лада Веста Х Рей Рено Логан 2 Сандеро степвей 2 Каптюр Аркана Ниссан Жук / Lada Vesta Nissan Juke Mitsubishi Asx/ Кросс номер BIG FILTER GB9978/ OEM VAG 272773277R 272773016R;fyltrSalonne;oooNordfil;
М241011C;Угольный салонный фильтр для Lada Vesta, Xray, Renault Arkana, Kaptur, Logan II, Duster II, Mitsubishi, Nissan, МАВИКО;tovarDliaTo;Фильтр салонный угольный Лада Веста Х Рей Рено Логан 2 Сандеро степвей 2 Каптюр Аркана Ниссан Жук / Lada Vesta Nissan Juke Mitsubishi Asx/ Кросс номер BIG FILTER GB9978/ OEM VAG 272773277R 272773016R;fyltrSalonne;oooNordfil;
M111012;Задний тормозной диск OPEL ASTRA H 04-14, ASTRA H GTC 05-15, ZAFIRA 05-15);tormoznaiaSystema;Диск тормозной (левый/правый задний) для Опель Opel Астра Astra G-H Комбо Combo Zafira A-B Зафира А-Б Meriva A-B Мерива А-Б Шевроле Chevrolet Вива Viva/ OEM 9117772 569109 430148520 DF4051;zadnyeDyskyYBaraban;longkouXinshengMachineryPartsCoLtdTormozneDysky;out
M111013;Задний тормозной диск NISSAN QASHQAI  07-15, TIIDA (C12) 12-, JUKE (F15) 10-14, TEANA II (J32) 08-13;tormoznaiaSystema;Диск тормозной (левый/правый задний) для Nissan Ниссан Qashqai j10 Кашкай, Juke F15 Жук, Teana J31 J32 J33/L33 Теана Tiida C12 Тиида, Altima L32 L33 Альтима/ OEM 432069W000 43206JD00A 17890 AMDBD281;zadnyeDyskyYBaraban;longkouXinshengMachineryPartsCoLtdTormozneDysky;out
M111015;"Задний тормозной диск CHEVROLET CRUZE I 09-; OPEL ASTRA J 09-15, MOKKA 12";tormoznaiaSystema;Диск тормозной (левый/правый задний) для Chevrolet Aveo T300 Шевроле Авео Т300, Cruze J300 Круз 300 Tracker, Opel Опель Astra H Астра Н Astra J Mokka Мокка/ OEM 13502135 13502134 ADG043164 PBD1677;zadnyeDyskyYBaraban;longkouXinshengMachineryPartsCoLtdTormozneDysky;out
MV1110R;Колодки тормозные задние Ford, Mazda, МАВИКО;tormoznaiaSystema;Колодки тормозные задние Citroen, Ford, Transit, Mazda, Opel/OEM 1233679;zadnyeTormozneKolodky;xiangyangSptCoLtdTormozneKolodky;
MV1111R;Колодки тормозные задние Toyota, МАВИКО;tormoznaiaSystema;Колодки тормозные задние Лексус, Тойота /OEM 446633200;zadnyeTormozneKolodky;xiangyangSptCoLtdTormozneKolodky;
MV1112R;Колодки тормозные задние Skoda, Volkswagen, МАВИКО;tormoznaiaSystema;Колодки тормозные задние Audi, Skoda Octavia, Fabia, Volkswagen Polo 3, Golf 3, Passat / кросс номер TRW GDB1330 / OEM 1E0698451;zadnyeTormozneKolodky;xiangyangSptCoLtdTormozneKolodky;
MV1113R;Колодки тормозные задние Skoda, Volkswagen, Audi, МАВИКО;tormoznaiaSystema;Колодки тормозные задние Skoda/Volkswagen/OEM 3Q0698451;zadnyeTormozneKolodky;xiangyangSptCoLtdTormozneKolodky;
MV1114R;Колодки тормозные задние Mazda, МАВИКО;tormoznaiaSystema;Колодки тормозные задние/ Колодки Mazda CX-5, CX-3/ OEM K0Y12648Z;zadnyeTormozneKolodky;xiangyangSptCoLtdTormozneKolodky;
MV1115R;Колодки тормозные задние Lada, МАВИКО;tormoznaiaSystema;Колодки тормозные задние Лада Веста 1.6 / 1.8, Х Рей 1.6 / OEM 11196-3502089-00;zadnyeTormozneKolodky;xiangyangSptCoLtdTormozneKolodky;
MV1116R;Колодки тормозные задние Hyundai, Kia, SsangYong, МАВИКО;tormoznaiaSystema;Колодки тормозные задние Hyundai Solaris, Kia Rio 3, 4, Ssangyong Korando 3/ OEM 583022KA00;zadnyeTormozneKolodky;xiangyangSptCoLtdTormozneKolodky;
MV1117R;Колодки тормозные задние Ford, Mazda 3, Volvo, МАВИКО;tormoznaiaSystema;Колодки тормозные задние Ситроен, Форд Фокус, Куга, Транзит, Мазда 3, 5, Опель Вектра С;zadnyeTormozneKolodky;xiangyangSptCoLtdTormozneKolodky;
MV1118R;Колодки тормозные задние Chevrolet, Opel, МАВИКО;tormoznaiaSystema;Колодки тормозные задние Шевроле, Опель/ OEM 13300867;zadnyeTormozneKolodky;xiangyangSptCoLtdTormozneKolodky;
M111001;"Передний тормозной диск KIA RIO III 11-, RIO IV 17-; HYUNDAI ACCENT SOLARIS I 10-17,  SOLARIS II 17-";tormoznaiaSystema;Диск тормозной (левый/правый передний) для Hyundai Хендай Solaris i20 Солярис Киа Kia Рио Rio / OEM 51712C8000, 517120U000, SD1110;perednyeTormozneDysky;longkouXinshengMachineryPartsCoLtdTormozneDysky;out
M111002;"Передний тормозной диск VOLKSWAGEN POLO sedan 10-; SKODA RAPID 12-22, FABIA II 06-14, FABIA III 14";tormoznaiaSystema;Диск тормозной (левый/правый передний) для Volkswagen Фольксваген Polo sedan Поло седан Golf iv Гольф 4 Skoda Шкода Octavia A4 tour Октавия А4 тур Rapid Рапид Fabia Фабия / OEM 6R0615301C;perednyeTormozneDysky;longkouXinshengMachineryPartsCoLtdTormozneDysky;out
M111003;"Задний тормозной диск KIA RIO III 11-, RIO IV 17-; HYUNDAI ACCENT SOLARIS I 10-17,  SOLARIS II 17-";tormoznaiaSystema;Диск тормозной (левый/правый задний) для Hyundai Хендай Solaris Солярис i20 Киа Kia Рио Rio / OEM 58411-0u300 584110u300 SD1087;perednyeTormozneDysky;longkouXinshengMachineryPartsCoLtdTormozneDysky;out
M111004;"Передний тормозной диск LADA LARGUS 12-, VESTA 15-, XRAY 16-; NISSAN TIIDA 04-13, NOTE 06-12";tormoznaiaSystema;Диск тормозной (левый/правый передний) для Logan Логан, Lada Лада Largus Ларгус Vesta Веста, Nissan Ниссан Almera G15 Альмера Микра Note Ноут Tiida Клио 3/ OEM 8450031577 7701207795 M2000405 RN1187;perednyeTormozneDysky;longkouXinshengMachineryPartsCoLtdTormozneDysky;out
M111005;Передний тормозной диск NISSAN QASHQAI / QASHQAI 2 I 07-13, X-TRAIL (T31) 07-14, JUKE (F15) 10-14V;tormoznaiaSystema;Диск тормозной (левый/правый передний) для Nissan Ниссан Qashqai j10 Кашкай, Juke F15 Жук, X-Trail T31 Х-Трейл Т31, Renault Рено Koleos Колео/ OEM 402061KC1A 402061KC1B RN1303;perednyeTormozneDysky;longkouXinshengMachineryPartsCoLtdTormozneDysky;out
M111006;"Передний тормозной диск LADA LARGUS 12-; RENAULT LOGAN I (LS_) 04-15";tormoznaiaSystema;Диск тормозной (левый/правый передний) для Lada Лада Largus (cross) Ларгус (кросс) Renault Рено Логан 1 Logan 2 Сандеро 1 Sandero 2 Твинго Twingo / OEM 402065345R 6001547683 K000291;perednyeTormozneDysky;longkouXinshengMachineryPartsCoLtdTormozneDysky;out
M111007;Передний тормозной диск CHEVROLET LACETTI (J200) 05-13;tormoznaiaSystema;Диск тормозной (левый/правый передний) для Chevrolet Шевроле Daewoo Дэу Лачетти Lacetti Epica Эпика Evanda Эванда Lanos ЛАНОС Nubira Нубира Rezzo Реззо Orion Орион / OEM 96549782 96328338 DF7218;perednyeTormozneDysky;longkouXinshengMachineryPartsCoLtdTormozneDysky;out
M111008;"Передний тормозной диск FORD FOCUS II 04-12, C-MAX (DM2) 07-10; VOLVO S40 II (544) 04-12, V50 (545) 04-12";tormoznaiaSystema;Диск тормозной (левый/правый передний) для Форд Ford Фокус 2 Focus II С-Макс C-Max Вольво Volvo С30 C30 S40 V50 В50/ OEM 1734696, 1 734 696, RN1213;perednyeTormozneDysky;longkouXinshengMachineryPartsCoLtdTormozneDysky;out
M111009;Передний тормозной диск LADA 2112, Kalina 1117, Priora 2170, Granta 2190 (R14);tormoznaiaSystema;Диск тормозной (левый/правый передний) для ВАЗ 2110 2112 ЛАДА LADA Гранта Granta Калина 1/2 Kalina Приора Priora/ OEM 21120350107002 0986479173 0989031X;perednyeTormozneDysky;longkouXinshengMachineryPartsCoLtdTormozneDysky;out
M111010;Задний тормозной диск CHEVROLET LACETTI (J200) 05-13-;tormoznaiaSystema;Диск тормозной (левый/правый задний) для Chevrolet Шевроле Daewoo Дэу Лачетти Lacetti Epica Эпика Evanda Эванда Lanos ЛАНОС Nubira Нубира Rezzo Реззо Orion Орион / OEM 96549630 SD3033;perednyeTormozneDysky;longkouXinshengMachineryPartsCoLtdTormozneDysky;out
M111011;Передний тормозной диск OPEL ASTRA H 04-14, ASTRA H GTC 05-15, ZAFIRA 05-15;tormoznaiaSystema;Диск тормозной (левый/правый передний) для Опель Opel Астра Astra G-H Комбо Combo Zafira A-B Зафира А-Б Meriva A-B Мерива А-Б Шевроле Chevrolet Вива Viva/ OEM 569066 90539466 DF4048;perednyeTormozneDysky;longkouXinshengMachineryPartsCoLtdTormozneDysky;out
M111014;"Передний тормозной диск HYUNDAI CRETA 16-, TUCSON I 04-10; KIA SPORTAGE III 10-15, CEED (JD) 12-";tormoznaiaSystema;Диск тормозной (левый/правый передний) для Хендай Hyundai Крета Creta i40 ix35 Туксон Tucson Киа Kia Рио Rio 3 Cerato 3 Оптима 3-4 Спотейдж Sportage 2-3 / OEM 517122Y000 51712-2Y000 SD1005 BN1055;perednyeTormozneDysky;longkouXinshengMachineryPartsCoLtdTormozneDysky;out
M111016;"Передний тормозной диск RENAULT DUSTER 11-, ARKANA I (LCM_) 19-; NISSAN TERRANO 14-";tormoznaiaSystema;Диск тормозной (левый/правый передний) для Renault Рено Duster 1-2 Дастер Arkana Аркана Fluence Megane 3-4 Меган Kaptur Каптюр, Nissan Ниссан Terrano 3 D10 Террано/ OEM 402060010R 402067902R DF6072;perednyeTormozneDysky;longkouXinshengMachineryPartsCoLtdTormozneDysky;out
M111017;"Передний тормозной диск RENAULT DUSTER (HS_) 4WD 11-15, DUSTER (HM_) 19-; RENAULT KAPTUR 13-";tormoznaiaSystema;Диск тормозной (левый/правый передний) для Renault Рено Duster 1-2 Дастер Megane 4 Меган Kaptur Каптюр, Nissan Ниссан Terrano 3 D10 Террано/ OEM 402066300R RN43008;perednyeTormozneDysky;longkouXinshengMachineryPartsCoLtdTormozneDysky;out
M111018;Передний тормозной диск TOYOTA CAMRY (V4) 06-14, CAMRY (V5) 11-17, RAV 4 III (A3) 05-13, RAV 4 IV (A4) 12-18;tormoznaiaSystema;Диск тормозной (левый/правый передний) для Lexus Лексус ES ЕС 200 250 300h 350, Toyota Тойота Auris Аурис Е150 Е180, RAV 4, Camry Камри 40-50, Harrier Prius / OEM 4351242050 A6F164B ND1048K BN1169;perednyeTormozneDysky;longkouXinshengMachineryPartsCoLtdTormozneDysky;out
M112001;Передний тормозной диск PRO LADA 2112, Kalina 1117, Priora 2170, Granta 2190 (R14);tormoznaiaSystema;Диски тормозные серии PRO (левый+правый передние) комплект для ВАЗ 2110 2112 ЛАДА LADA Гранта Granta Калина 1/2 Kalina Приора Priora/ OEM 21120350107002 0986479173 0989031X;perednyeTormozneDysky;longkouXinshengMachineryPartsCoLtdTormozneDysky;
M112002;"Передний тормозной диск PRO LADA LARGUS 12-, VESTA 15-, XRAY 16-; NISSAN TIIDA 04-13, NOTE 06-12";tormoznaiaSystema;Диски тормозные серии PRO (левый+правый передние) для Logan Логан Lada Лада Largus Ларгус Vesta Веста, Nissan Ниссан Almera G15 Альмера Микра Ноут Tiida / OEM 8450031577 7701207795 M2000405 RN1187;perednyeTormozneDysky;longkouXinshengMachineryPartsCoLtdTormozneDysky;
M112003;"Передний тормозной диск PRO KIA RIO III 11-, RIO IV 17-; HYUNDAI ACCENT SOLARIS I 10-17,  SOLARIS II 17-";tormoznaiaSystema;Диски тормозные серии PRO (левый+правый передние) комплект для Hyundai Хендай Solaris i20 Солярис Киа Kia Рио Rio / OEM 51712C8000, 517120U000, SD1110;perednyeTormozneDysky;longkouXinshengMachineryPartsCoLtdTormozneDysky;
M112004;"Передний тормозной диск PRO VOLKSWAGEN POLO sedan 10-; SKODA RAPID 12-22, FABIA II 06-14, FABIA III 14";tormoznaiaSystema;Диски тормозные серии PRO (левый+правый передние) комплект для Volkswagen Фольксваген Polo sedan Поло седан Golf iv Гольф 4 Skoda Шкода Octavia A4 Октавия А4 Rapid Рапид Fabia Фабия / OEM 6R0615301C;perednyeTormozneDysky;longkouXinshengMachineryPartsCoLtdTormozneDysky;
M112005;Передний тормозной диск PRO NISSAN QASHQAI / QASHQAI 2 I 07-13, X-TRAIL (T31) 07-14, JUKE (F15) 10-14V;tormoznaiaSystema;Диски тормозные серии PRO (левый+правый передние) комплект для Nissan Ниссан Qashqai j10 Кашкай, Juke F15 Жук, X-Trail T31 Х-Трейл Т31, Renault Рено Koleos Колео/ OEM 402061KC1A 402061KC1B RN1303;perednyeTormozneDysky;longkouXinshengMachineryPartsCoLtdTormozneDysky;
M112006;Передний тормозной диск PRO CHEVROLET LACETTI (J200) 05-13;tormoznaiaSystema;Диски тормозные серии PRO (левый+правый передние) комплект для Chevrolet Шевроле Daewoo Дэу Лачетти Lacetti Epica Эпика Evanda Эванда Lanos ЛАНОС Nubira Orion Орион / OEM 96549782 96328338 DF7218;perednyeTormozneDysky;longkouXinshengMachineryPartsCoLtdTormozneDysky;
M112007;"Передний тормозной диск PRO FORD FOCUS II 04-12, C-MAX (DM2) 07-10; VOLVO S40 II (544) 04-12, V50 (545) 04-12";tormoznaiaSystema;Диски тормозные серии PRO (левый+правый передние) комплект для Форд Ford Фокус 2 Focus II С-Макс C-Max Вольво Volvo С30 C30 S40 V50 В50/ OEM 1734696, 1 734 696, RN1213;perednyeTormozneDysky;longkouXinshengMachineryPartsCoLtdTormozneDysky;
M112008;Передний тормозной диск PRO OPEL ASTRA H 04-14, ASTRA H GTC 05-15, ZAFIRA 05-15;tormoznaiaSystema;Диски тормозные серии PRO (левый+правый передние) комплект для Опель Opel Астра Astra G-H Комбо Combo Zafira A-B Зафира А-Б Мерива А-Б Шевроле Chevrolet Вива Viva/ OEM 569066 90539466 DF4048;perednyeTormozneDysky;longkouXinshengMachineryPartsCoLtdTormozneDysky;
M112009;"Передний тормозной диск PRO HYUNDAI CRETA 16-, TUCSON I 04-10; KIA SPORTAGE III 10-15, CEED (JD) 12-, CERATO III 13-";tormoznaiaSystema;Диски тормозные серии PRO (левый+правый передние) для Хендай Hyundai Крета Creta i40 ix35 Туксон Tucson Киа Kia Рио Rio 3 Церато Cerato 3 Sportage 2-3 / OEM 517122Y000 51712-2Y000 SD1005 BN1055;perednyeTormozneDysky;longkouXinshengMachineryPartsCoLtdTormozneDysky;
M112010;"Передний тормозной диск PRO RENAULT DUSTER 11-, ARKANA I (LCM_) 19-; NISSAN TERRANO 14-";tormoznaiaSystema;Диски тормозные серии PRO (левый+правый передние) для Renault Рено Duster Дастер Arkana Аркана Fluence Megane Меган Kaptur Каптюр, Nissan Ниссан Terrano 3 Террано/ OEM 402060010R 402067902R DF6072;perednyeTormozneDysky;longkouXinshengMachineryPartsCoLtdTormozneDysky;
M112011;"Передний тормозной диск PRO RENAULT DUSTER (HS_) 4WD 11-15, DUSTER (HM_) 19-; RENAULT KAPTUR 13-";tormoznaiaSystema;Диски тормозные серии PRO (левый+правый передние) комплект для Renault Рено Duster 1-2 Дастер Megane 4 Меган Kaptur Каптюр, Nissan Ниссан Terrano 3 D10 Террано/ OEM 402066300R RN43008;perednyeTormozneDysky;longkouXinshengMachineryPartsCoLtdTormozneDysky;
M112012;Передний тормозной диск PRO TOYOTA CAMRY (V4) 06-14, CAMRY (V5) 11-17, RAV 4 III (A3) 05-13, RAV 4 IV (A4) 12-18;tormoznaiaSystema;Диски тормозные серии PRO (левый+правый передние) для Lexus Лексус ES ЕС 200 250 300h 350 Toyota Тойота Auris Аурис Е150 Е180, RAV 4, Camry Камри 40-50 Prius/ OEM 4351242050 A6F164B ND1048K BN1169;perednyeTormozneDysky;longkouXinshengMachineryPartsCoLtdTormozneDysky;
MV1011F;Колодки тормозные передние КРАСНЫЕ Лада Ларгус (K4M, 11182, 11189, 21129), Веста, Х Рей Кросс, Рено Дастер (K4M), аналог 410608481R, 8200432336, 4106000Q0K, МАВИКО;tormoznaiaSystema;Колодки тормозные передние Лада Ларгус, Веста, Х Рей Кросс, Рено Дастер (K4M), Nissan Note, Micra/OEM 410608481R;perednyeTormozneKolodky;xiangyangSptCoLtdTormozneKolodky;
MV1012F;Колодки тормозные передние Hyundai Solaris/Kia Rio, МАВИКО;tormoznaiaSystema;Колодки тормозные передние Колодки Hyundai Solaris, Kia Rio / кросс номер Mando MPH46 / OEM 581011WA05;perednyeTormozneKolodky;xiangyangSptCoLtdTormozneKolodky;
MV1013F;Колодки тормозные передние Volkswagen Polo/Skoda Rapid (1ZE), МАВИКО;tormoznaiaSystema;Колодки тормозные передние Фольксваген, Шкода/ Volkswagen Polo, Skoda Rapid (1ZE) /OEM 6RU698151A;perednyeTormozneKolodky;xiangyangSptCoLtdTormozneKolodky;
MV1014F;Колодки тормозные передние Mitsubishi, Peugeot, Citroen, МАВИКО;tormoznaiaSystema;Колодки тормозные передние Ситроен, Додж, Мицубиси, Пежо / OEM MR527674;perednyeTormozneKolodky;xiangyangSptCoLtdTormozneKolodky;
MV1015F;Колодки тормозные передние Ford, Mazda, МАВИКО;tormoznaiaSystema;"Колодки тормозные передние для Форд Фокус, Мазда 3 и Вольво / OEM 1223682; BPYK-33-23ZA";perednyeTormozneKolodky;xiangyangSptCoLtdTormozneKolodky;
MV1016F;Колодки тормозные передние Datsun on-DO, Lada, МАВИКО;tormoznaiaSystema;Колодки тормозные передние Ваз 2108-2115 / OEM 2110-3501080;perednyeTormozneKolodky;xiangyangSptCoLtdTormozneKolodky;
MV1017F;Колодки тормозные передние Skoda, Audi, Volkswagen, МАВИКО;tormoznaiaSystema;Колодки тормозные передние Ауди А3, Шкода Октавия/OEM 1K0615106AL;perednyeTormozneKolodky;xiangyangSptCoLtdTormozneKolodky;
MV1018F;Колодки тормозные передние Toyota, Lexus, МАВИКО;tormoznaiaSystema;Колодки тормозные передние для Тойота Камри, Lexus ES и Daihatsu / OEM 0446533450;perednyeTormozneKolodky;xiangyangSptCoLtdTormozneKolodky;
MV1019F;Колодки тормозные передние Haval, Honda, МАВИКО;tormoznaiaSystema;Колодки Haval f7 и H6, Honda CRV III,IV,V, Черри Тигго 8 Про / OEM 3501110XKY00A;perednyeTormozneKolodky;xiangyangSptCoLtdTormozneKolodky;
MV1020F;Колодки тормозные передние Skoda, Volkswagen, Audi, МАВИКО;tormoznaiaSystema;Колодки тормозные передние Шкода, Ауди, Фольксваген / OEM 5Q0698151F;perednyeTormozneKolodky;xiangyangSptCoLtdTormozneKolodky;
MV1021F;Колодки тормозные передние Hyundai, Kia, МАВИКО (серия PRO);tormoznaiaSystema;Колодки Hyundai Solaris, Kia Rio 3, Geely Atlas / кросс номер Sangsin SP1399 / OEM 581011WA05 , 58101H5A25;perednyeTormozneKolodky;xiangyangSptCoLtdTormozneKolodky;
MV1022F;Колодки тормозные передние Geely Coolray, МАВИКО;tormoznaiaSystema;Колодки тормозные передние Джили Кулрей/Geely Coolray/OEM 4048046400;perednyeTormozneKolodky;xiangyangSptCoLtdTormozneKolodky;
MV1023F;Колодки тормозные передние Renault, Lada, МАВИКО;tormoznaiaSystema;Колодки тормозные передние Лада Ларгус с двигателем K7M (Рено 8V), Лифан, Рено/Largus (K7M), Lifan, Renault/ OEM 410602192R;perednyeTormozneKolodky;xiangyangSptCoLtdTormozneKolodky;
MV1024F;Колодки тормозные передние Lada, Renault, МАВИКО (серия PRO);tormoznaiaSystema;Колодки тормозные передние PRO для Лада Ларгус, Веста, Х рей, Ниссан, Рено Логан, Дастер, Каптюр;perednyeTormozneKolodky;xiangyangSptCoLtdTormozneKolodky;
MV1025F;Колодки тормозные передние Lada Vesta NG, МАВИКО;tormoznaiaSystema;Тормозные колодки передние Лада Веста NG, МАВИКО / OEM 8460013695;perednyeTormozneKolodky;xiangyangSptCoLtdTormozneKolodky;
MV1026F;Колодки тормозные передние Mazda, МАВИКО;tormoznaiaSystema;Колодки тормозные передние Мазда сх5, Джип Чироки 2013-н.в./OEM K0Y13323Z;perednyeTormozneKolodky;xiangyangSptCoLtdTormozneKolodky;
MV1027F;Колодки тормозные передние Chevrolet Cruze, Opel, МАВИКО;tormoznaiaSystema;Колодки тормозные передние Шевроле, Опель, Chevrolet / OEM 13412810;perednyeTormozneKolodky;xiangyangSptCoLtdTormozneKolodky;
M01VXSU00130;Верхняя резинка уплотнитель лобового стекла Лада Веста, Х Рей, Гранта;aksessuar;;uplotnytelyDopolnytelneNeShtatne;;
VS-KPBLV;Кольцо резиновое в проем бензобака Лада Веста;aksessuar;;uplotnytelyDopolnytelneNeShtatne;;
pku19;Уплотнитель дверной РКИ-19 (комплект 2 шт), ОРИГИНАЛ;aksessuar;;uplotnytelyDopolnytelneNeShtatne;;
pku19-01;Уплотнитель дверной РКИ-19 (комплект 2 шт), АНАЛОГ;aksessuar;;uplotnytelyDopolnytelneNeShtatne;;
VS-VLS-LV;Водостоки 2.0 65 см (дефлектор лобового стекла) на Лада Веста, Лада Ларгус, Рено Логан (ф1, ф2);aksessuar;;uplotnytelyDopolnytelneNeShtatne;;
LS-VODRL;Водостоки 2.0 67,5 см (дефлектор лобового стекла) на Лада Гранта, Рено Логан 2, Сандеро 2, Дастер;aksessuar;;uplotnytelyDopolnytelneNeShtatne;;
LS-VODUNSL;Водостоки 2.0 80 см (дефлектор лобового стекла) универсальный;aksessuar;;uplotnytelyDopolnytelneNeShtatne;;
LS-VODRKA;Водостоки 2.0 84 см (дефлектор лобового стекла) на Рено Каптур, Рено Аркана;aksessuar;;uplotnytelyDopolnytelneNeShtatne;;
M01ALSU00185;Уплотнитель между панелью и лобовым стеклом универсальный;aksessuar;;uplotnytelyDopolnytelneNeShtatne;;
D921001;Уплотнитель B-образный (универсальный) 5 метров;aksessuar;;uplotnytelyDopolnytelneNeShtatne;;
D921002;Уплотнитель капота 2.0 увеличенный (универсальный) D-образный 2*2*300 см;aksessuar;;uplotnytelyDopolnytelneNeShtatne;;
M01ALSU00382;Верхняя резинка уплотнитель лобового стекла, универсальная, 150 см;;;uplotnytelyDopolnytelneNeShtatne;;new
M111019;Передний тормозной диск HYUNDAI / KIA;tormoznaiaSystema;;perednyeTormozneKolodky;;
M112013;Передний тормозной диск PRO HYUNDAI / KIA;tormoznaiaSystema;;perednyeTormozneKolodky;;
М221013;"Фильтр воздушный T151109111 Chery Tiggo 4/ 7/ 7 PRO/ 8 / EXEED ""CDP""";;;fyltrVozdushne;;
М221014;Фильтр воздушный RD5 HAVAL JOLION, Хавал Джолион, Хавэйл Джолион;;;fyltrVozdushne;;
М221015;Фильтр воздушный ДЖИЛИ Кулрейл 1.5 150 ОЕМ 2032040500 GEELY Coolray SX11 2020 2021 2022 2023 Воздушный фильтр ДЖИЛЛИ Кул рей Кулрэй;;;fyltrVozdushne;;
М221016;Фильтр воздушный ЧАНГАН cs55 плюс, cs55plus, 55 плюс / CS55 Чан Ган CS75, cs75 плюс, cs75plus, 75 плюс / Юни Т / Уни Т / CHANGAN UNI T, CS 55 PLUS CS 75 PLUS;;;fyltrVozdushne;;
М221017;Фильтр воздушный VOLVO XC40 GEELY Monjaro. GEELY Tugella. Вольво Джили кросс-номер Mann C24051 ОЕМ 2032069500 2032061800 31474521 32146443 NORDFIL AN1215;;;fyltrVozdushne;;
М221018;"Фильтр воздушный ""Chery Automobile"" 151000079AA на Chery: Exeed LX: Jaecoo J7: Omoda";;;fyltrVozdushne;;
М221019;Фильтр воздушный ВОЯ Фри / ВОЯЖ Фри;;Фильтр воздушный VOYAH Free VOYA 2021 2022 2023 2024;fyltrVozdushne;oooKarplast;new
М221020;Фильтр воздушный Hyundai Solaris;;Фильтр воздушный Hyundai Solaris Accent Tucson Kia Cerato Rio Sportage Москвич 3 JAC J7 JS4;fyltrVozdushne;oooKarplast;new
М241012C;Салонный фильтр угольный HAVAL Jolion F7 F7x;;;fyltrSalonne;;
М241013;Салонный фильтр ЧАНГАН cs55plus, cs55 / cs75 плюс, CS75 / CS85 uni t и uni v, Еадо плюс , Еадо 1 и 2 ЕТ ХТ, Ламоре, Раетон СС Фильтр салона CHANGAN 55 плюс cs 55 плюс cs 75 плюс Юни Т Юни В;;;fyltrSalonne;;
М241014;Фильтр салонный Chery: Tiggo 4 Tiggo 4 Pro Tiggo 7 Tiggo 7 Pro Tiggo 7 Pro Max Tiggo 8 Tiggo 8 Pro: Omoda: C5: Exeed: LX;;;fyltrSalonne;;
М241015;Фильтр салонный Hyundai Solaris Accent Tucson Kia Cerato Rio Sportage Москвич 3 JAC J7 JS4;;;fyltrSalonne;;
М241016;Салонный фильтр для Geely Coolray  2019 2020 2021 2022 2023;;;fyltrSalonne;;
М241018;Салонный фильтр ЧАНГАН uni k / Юни к / Чан Ган Уни к Фильтр салона CHANGAN uni-k (unik, юник, уник);;;fyltrSalonne;;
М241021C;Салонный угольный фильтр для VOLVO XC40 GEELY Monjaro. GEELY Tugella. Вольво Джили;;;fyltrSalonne;;
М241030;Фильтр салонный для Нива Легенд Урбан, ВАЗ 2121 21214 21213;;;fyltrSalonne;;new
М241022C;"Салонный угольный фильтр для ""Chery Automobile"" на Chery: Exeed LX: Jaecoo J7: Omoda";;;fyltrSalonne;;
М241028C;Фильтр салонный угольный для Тойота Камри Королла Прадо Рав4;;;fyltrSalonne;;new
М241026C;Фильтр салонный угольный Honda Civic Fit Crv Insight Hrv Crz;;;fyltrSalonne;;new
М241017C;Салонный угольный фильтр VOYAH Free 2021 - 2024;;;fyltrSalonne;;
M111020;"Комплект передних тормозных дисков (2шт.) для KIA RIO III 11-, RIO IV 17-; HYUNDAI ACCENT SOLARIS I 10-17, SOLARIS II 17-";tormoznaiaSystema;;perednyeTormozneDysky;;
M111021;"Комплект передних тормозных дисков (2шт.) для VOLKSWAGEN POLO sedan 10-; SKODA RAPID 12-22, FABIA II 06-14, FABIA III 14";tormoznaiaSystema;;perednyeTormozneDysky;;
M111022;"Комплект задних тормозных дисков (2шт.) для KIA RIO III 11-, RIO IV 17-; HYUNDAI ACCENT SOLARIS I 10-17, SOLARIS II 17-\";tormoznaiaSystema;;zadnyeDyskyYBaraban;;
M111023;"Комплект передних тормозных дисков (2шт.) для LADA LARGUS 12-, VESTA 15-, XRAY 16-; NISSAN TIIDA 04-13, NOTE 06-12";tormoznaiaSystema;;perednyeTormozneDysky;;
M111024;Комплект передних тормозных дисков (2шт.) для NISSAN QASHQAI / QASHQAI 2 I 07-13, X-TRAIL (T31) 07-14, JUKE (F15) 10-14V;tormoznaiaSystema;;perednyeTormozneDysky;;
M111025;"Комплект передних тормозных дисков (2шт.) для LADA LARGUS 12-; RENAULT LOGAN I (LS_) 04-15";tormoznaiaSystema;;perednyeTormozneDysky;;
M111026;Комплект передних тормозных дисков (2шт.) для CHEVROLET LACETTI (J200) 05-13;tormoznaiaSystema;;perednyeTormozneDysky;;
M111027;"Комплект передних тормозных дисков (2шт.) для FORD FOCUS II 04-12, C-MAX (DM2) 07-10; VOLVO S40 II (544) 04-12, V50 (545) 04-12";tormoznaiaSystema;;perednyeTormozneDysky;;
M111028;Комплект передних тормозных дисков (2шт.) для LADA 2112, Kalina 1117, Priora 2170, Granta 2190 (R14);tormoznaiaSystema;;perednyeTormozneDysky;;
M111029;Комплект задних тормозных дисков (2шт.) для СHEVROLET LACETTI (J200) 05-13-;tormoznaiaSystema;;zadnyeDyskyYBaraban;;
M111030;Комплект передних тормозных дисков (2шт.) для OPEL ASTRA H 04-14, ASTRA H GTC 05-15, ZAFIRA 05-15;tormoznaiaSystema;;perednyeTormozneDysky;;
M111031;Комплект задних тормозных дисков (2шт.) для OPEL ASTRA H 04-14, ASTRA H GTC 05-15, ZAFIRA 05-15);tormoznaiaSystema;;zadnyeDyskyYBaraban;;
M111032;Диски тормозные задние Ниссан Кашкай j10 Тиида Nssan Teana;tormoznaiaSystema;Комплект задних тормозных дисков (2шт.) для NISSAN QASHQAI 07-15, TIIDA (C12) 12-, JUKE (F15) 10-14, TEANA II (J32) 08-13;zadnyeDyskyYBaraban;longkouXinshengMachineryPartsCoLtdTormozneDysky;
M111033;Диски тормозные передние Киа Рио 3 Kia Sportage Хендай Крета;tormoznaiaSystema;"Комплект передних тормозных дисков (2шт.) для HYUNDAI CRETA 16-, TUCSON I 04-10; KIA SPORTAGE III 10-15, CEED (JD) 12-, CERATO III 13-, SOUL II 14-";perednyeTormozneDysky;longkouXinshengMachineryPartsCoLtdTormozneDysky;
M111034;Диски тормозные задние для Шевроле Круз Авео, Опель Астра;tormoznaiaSystema;"Комплект задних тормозных дисков (2шт.) для CHEVROLET CRUZE I 09-; OPEL ASTRA J 09-15, MOKKA 12";zadnyeDyskyYBaraban;longkouXinshengMachineryPartsCoLtdTormozneDysky;
M111035;Диски тормозные передние Рено Дастер Меган 3/4 Лагуна Флюенс;tormoznaiaSystema;"Комплект передних тормозных дисков (2шт.) для RENAULT DUSTER 11-, ARKANA I (LCM_) 19-; NISSAN TERRANO 14-";perednyeTormozneDysky;longkouXinshengMachineryPartsCoLtdTormozneDysky;
M111036;Диски тормозные передние для Рено Дастер Меган 4 Террано;tormoznaiaSystema;"Комплект передних тормозных дисков (2шт.) для RENAULT DUSTER (HS_) 4WD 11-15, DUSTER (HM_) 19-; RENAULT KAPTUR 13-";perednyeTormozneDysky;longkouXinshengMachineryPartsCoLtdTormozneDysky;
M111037;Диски тормозные передние Тойота Камри 40/50 Рав 4 Лексус Ес;tormoznaiaSystema;Комплект передних тормозных дисков (2шт.) для TOYOTA CAMRY (V4) 06-14, CAMRY (V5) 11-17, RAV 4 III (A3) 05-13, RAV 4 IV (A4) 12-18;perednyeTormozneDysky;longkouXinshengMachineryPartsCoLtdTormozneDysky;
GBKIT0001;Комплект передних тормозных колодок и дисков для LADA Приора Калина Гранта (PRO);;Комплект передних тормозных колодок и дисков для LADA Приора Калина Гранта (PRO);perednyeTormozneDysky;oooPkHudparts;new
GBKIT0002;Комплект передних тормозных колодок и дисков для Hyundai Solaris 1/2 и Kia Rio 3/4;;Комплект передних тормозных колодок и дисков для Hyundai Solaris 1/2 и Kia Rio 3/4;perednyeTormozneDysky;oooPkHudparts;new
GBKIT0003;Комплект на заднюю ось: диски + тормозные колодки для Hyundai Solaris и Kia Rio / Диск тормозной Солярис и Киа Рио;;Комплект на заднюю ось: диски + тормозные колодки для Hyundai Solaris и Kia Rio / Диск тормозной Солярис и Киа Рио;perednyeTormozneDysky;oooPkHudparts;new
GBKIT0004;Комплект передних тормозных колодок и дисков для LADA Гранта Приора Калина (Стандарт);;Комплект передних тормозных колодок и дисков для LADA Гранта Приора Калина (Стандарт);perednyeTormozneDysky;oooPkHudparts;new
GBKIT0005;Комплект передних тормозных колодок и дисков для LADA VESTA \ LARGUS\ XRAY (PRO);;Комплект передних тормозных колодок и дисков для LADA VESTA \ LARGUS\ XRAY (PRO);perednyeTormozneDysky;oooPostavshchyk;new
GBKIT0006;Комплект передних тормозных колодок и дисков для LADA Vesta NG, Iskra;;Комплект передних тормозных колодок и дисков для LADA Vesta NG, Iskra;perednyeTormozneDysky;oooPostavshchyk;new
GBKIT0007;Комплект передних тормозных колодок и дисков СТАНДАРТ для LADA VESTA \ LARGUS\ XRAY;;Комплект передних тормозных колодок и дисков СТАНДАРТ для LADA VESTA \ LARGUS\ XRAY;perednyeTormozneDysky;oooPostavshchyk;new
GFKIT0001;Комплект фильтров для HYUNDAI Solaris и KIA RIO  (2012- / ) - НЕ СОБИРАЕМ ПОКА;;Комплект фильтров для HYUNDAI Solaris и KIA RIO  (2012- / ) - НЕ СОБИРАЕМ ПОКА;fyltrVozdushne;oooPkHudparts;new
GFKIT0002;Комплект фильтров для Лада Гранта, Калина;;Комплект фильтров для Лада Гранта, Калина;fyltrVozdushne;oooPkHudparts;new
GFKIT0003;Комплект фильтров для CHERY TIGGO 8 PRO, 7 PRO MAX 1.6, 8 PRO MAX 1,6, EXEED LX 1.6, Omoda C5 1.6, Arrizo 8 1.6;;Комплект фильтров для CHERY TIGGO 8 PRO, 7 PRO MAX 1.6, 8 PRO MAX 1,6, EXEED LX 1.6, Omoda C5 1.6, Arrizo 8 1.6;fyltrVozdushne;oooPkHudparts;new
GFKIT0004;Комплект фильтров для Лада Ларгус, Рено Логан 1;;Комплект фильтров для Лада Ларгус, Рено Логан 1;fyltrVozdushne;oooPkHudparts;new
GFKIT0005;Набор фильтров для Лада Веста (с 2019-) \ Х Рей (с 2019-) (ВАЗ двигатели);;Набор фильтров для Лада Веста (с 2019-) \ Х Рей (с 2019-) (ВАЗ двигатели);fyltrVozdushne;oooPkHudparts;new
GFKIT0006;Набор фильтров для Лада Веста (до 2019-) \ Х Рей (до 2019-) (ВАЗ двигатели);;Набор фильтров для Лада Веста (до 2019-) \ Х Рей (до 2019-) (ВАЗ двигатели);fyltrVozdushne;oooPkHudparts;new
M112014;Тормозные диски передние R15 PRO на Лада Калина Гранта Спорт;aksessuar;Тормозные диски передние R15 PRO на Лада Калина Гранта Спорт;uplotnytelyDopolnytelneNeShtatne;;new
D921004;Уплотнитель для дверей, кузова, капота, 5-камерный, 6м;aksessuar;Уплотнитель для дверей, кузова, капота, 5-камерный, 6м;uplotnytelyDopolnytelneNeShtatne;;new
D921005;Уплотнитель для дверей, кузова, капота,  5-камерный, 11м;aksessuar;Уплотнитель для дверей, кузова, капота,  5-камерный, 11м;uplotnytelyDopolnytelneNeShtatne;;new
D921006;Уплотнитель для дверей, кузова, капота, 5-камерный, 21м;aksessuar;Уплотнитель для дверей, кузова, капота, 5-камерный, 21м;uplotnytelyDopolnytelneNeShtatne;;new
D921007;Уплотнитель для дверей, кузова, капота,  6-камерный, 3-х секционный, 6м;aksessuar;Уплотнитель для дверей, кузова, капота,  6-камерный, 3-х секционный, 6м;uplotnytelyDopolnytelneNeShtatne;;new
D921008;Уплотнитель для дверей, кузова, капота, 6-камерный, 3-х секционный, 11м;aksessuar;Уплотнитель для дверей, кузова, капота, 6-камерный, 3-х секционный, 11м;uplotnytelyDopolnytelneNeShtatne;;new
D921009;Уплотнитель для дверей, кузова, капота, 6-камерный, 3-х секционный, 21м;aksessuar;Уплотнитель для дверей, кузова, капота, 6-камерный, 3-х секционный, 21м;uplotnytelyDopolnytelneNeShtatne;;new
D921010;Уплотнитель  Т-образный для лобового стекла, универсальный, 19мм ширина, 6м;aksessuar;Уплотнитель  Т-образный для лобового стекла, универсальный, 19мм ширина, 6м;uplotnytelyDopolnytelneNeShtatne;;new
D921011;Уплотнитель Т-образный для лобового стекла, универсальный, 30мм ширина, 6м;aksessuar;Уплотнитель Т-образный для лобового стекла, универсальный, 30мм ширина, 6м;uplotnytelyDopolnytelneNeShtatne;;new
R1011F;Колодки тормозные передние ТМ Русторм для Лада Ларгус (K4M, 11182, 11189, 21129), Веста, Х Рей Кросс, Рено Дастер (K4M), аналог 410608481R, 8200432336, 4106000Q0K;tormoznaiaSystema;Колодки тормозные передние ТМ Русторм для Лада Ларгус (K4M, 11182, 11189, 21129), Веста, Х Рей Кросс, Рено Дастер (K4M), аналог 410608481R, 8200432336, 4106000Q0K;perednyeTormozneKolodky;;new
R1012F;Колодки тормозные передние ТМ Русторм для Hyundai Solaris/Kia Rio;tormoznaiaSystema;Колодки тормозные передние ТМ Русторм для Hyundai Solaris/Kia Rio;perednyeTormozneKolodky;;new
R1016F;Колодки тормозные передние ТМ Русторм для Datsun on-DO, Lada;tormoznaiaSystema;Колодки тормозные передние ТМ Русторм для Datsun on-DO, Lada;perednyeTormozneKolodky;;new
R1025F;Колодки тормозные передние ТМ Русторм для Lada Vesta NG;tormoznaiaSystema;Колодки тормозные передние ТМ Русторм для Lada Vesta NG;perednyeTormozneKolodky;;new
R1115R;Колодки тормозные задние ТМ Русторм для Lada;tormoznaiaSystema;Колодки тормозные задние ТМ Русторм для Lada;zadnyeTormozneKolodky;;new
R1116R;Колодки тормозные задние ТМ Русторм для Hyundai, Kia, SsangYong;tormoznaiaSystema;Колодки тормозные задние ТМ Русторм для Hyundai, Kia, SsangYong;zadnyeTormozneKolodky;;new
R1132R;Колодки тормозные барабанные задние ТМ Русторм для ВАЗ-2101-2107 НИВА 2121-2123+;tormoznaiaSystema;Колодки тормозные барабанные задние ТМ Русторм для ВАЗ-2101-2107 НИВА 2121-2123+;zadnyeTormozneKolodky;;new
R1130R;Колодки тормозные барабанные задние ТМ Русторм без АБС для ВАЗ 2108 , 2110, 2114, 1117-1119 Kalina, 2170-2172 Priora, 2190-2192 Granta;tormoznaiaSystema;Колодки тормозные барабанные задние ТМ Русторм без АБС для ВАЗ 2108 , 2110, 2114, 1117-1119 Kalina, 2170-2172 Priora, 2190-2192 Granta;zadnyeTormozneKolodky;;new
R1131R;"Колодки тормозные барабанные задние ТМ Русторм для а/м NISSAN Micra, Note; RENAULT Logan, Sandero";tormoznaiaSystema;"Колодки тормозные барабанные задние ТМ Русторм для а/м NISSAN Micra, Note; RENAULT Logan, Sandero";zadnyeTormozneKolodky;;new
R1028F;Колодки тормозные передние ТМ Русторм для Нива 4х4, Нива Шевролет LADA Niva: 2121-213;tormoznaiaSystema;Колодки тормозные передние ТМ Русторм для Нива 4х4, Нива Шевролет LADA Niva: 2121-213;perednyeTormozneKolodky;;new
R1029F;Колодки тормозные передние ТМ Русторм для ВАЗ 2101-2107;tormoznaiaSystema;Колодки тормозные передние ТМ Русторм для ВАЗ 2101-2107;perednyeTormozneKolodky;;new
MV1120R;Колодки тормозные задние Toyota, МАВИКО (серия PRO);tormoznaiaSystema;Колодки тормозные задние Toyota, МАВИКО (серия PRO);zadnyeTormozneKolodky;;new
MV1028F;Колодки тормозные передние Datsun on-DO, Lada, МАВИКО (серия PRO);tormoznaiaSystema;Колодки тормозные передние Datsun on-DO, Lada, МАВИКО (серия PRO);perednyeTormozneKolodky;;new
MV1029F;Колодки тормозные передние Lada Vesta NG, МАВИКО (серия PRO);tormoznaiaSystema;Колодки тормозные передние Lada Vesta NG, МАВИКО (серия PRO);perednyeTormozneKolodky;;new
MV1024F/1;Колодки тормозные передние Lada, Renault, МАВИКО (серия PRO);tormoznaiaSystema;Колодки тормозные передние Lada, Renault, МАВИКО (серия PRO);perednyeTormozneKolodky;;new
MV1119R;Тормозные колодки задние Lada Vesta, Xray, Fiat Punto (серия PRO);tormoznaiaSystema;Тормозные колодки задние Lada Vesta, Xray, Fiat Punto (серия PRO);zadnyeTormozneKolodky;;new
M412001;"Комплект передних тормозных дисков (2шт.)  PREMIUM
LADA 2112, Kalina 1117, Priora 2170, Granta 2190 (R14)";tormoznaiaSystema;"Комплект передних тормозных дисков (2шт.)  PREMIUM
LADA 2112, Kalina 1117, Priora 2170, Granta 2190 (R14)";perednyeTormozneDysky;;new
M412002;"Комплект передних тормозных дисков (2шт.)  PREMIUM
LADA LARGUS 12-, VESTA 15-, XRAY 16-; NISSAN TIIDA 04-13, NOTE 06-12";tormoznaiaSystema;"Комплект передних тормозных дисков (2шт.)  PREMIUM
LADA LARGUS 12-, VESTA 15-, XRAY 16-; NISSAN TIIDA 04-13, NOTE 06-12";perednyeTormozneDysky;;new
M412003;"Комплект передних тормозных дисков (2шт.) PREMIUM
KIA RIO III 11-, RIO IV 17-; HYUNDAI ACCENT SOLARIS I 10-17,  SOLARIS II 17-";tormoznaiaSystema;"Комплект передних тормозных дисков (2шт.) PREMIUM
KIA RIO III 11-, RIO IV 17-; HYUNDAI ACCENT SOLARIS I 10-17,  SOLARIS II 17-";perednyeTormozneDysky;;new
M412004;"Комплект передних тормозных дисков (2шт.) PREMIUM
VOLKSWAGEN POLO sedan 10-; SKODA RAPID 12-22, FABIA II 06-14, FABIA III 14";tormoznaiaSystema;"Комплект передних тормозных дисков (2шт.) PREMIUM
VOLKSWAGEN POLO sedan 10-; SKODA RAPID 12-22, FABIA II 06-14, FABIA III 14";perednyeTormozneDysky;;new
D921012;Верхняя резинка уплотнитель лобового стекла Лада Ларгус / Рено Логан;aksessuar;Верхняя резинка уплотнитель лобового стекла Лада Ларгус / Рено Логан;uplotnytelyDopolnytelneNeShtatne;;new
D921013;Верхняя резинка уплотнитель лобового стекла, универсальная, 150 см;aksessuar;Верхняя резинка уплотнитель лобового стекла, универсальная, 150 см;uplotnytelyDopolnytelneNeShtatne;;
D921014;Трубка доработки уплотнителей (Гранта, Гранта FL, Калина, Priora, 2110), 8м;aksessuar;Трубка доработки уплотнителей (Гранта, Гранта FL, Калина, Priora, 2110), 8м;uplotnytelyDopolnytelneNeShtatne;;new
М221024;Фильтр воздушный для ГАЗель Некст, ГАЗ 3302, Cummins ISF;;Фильтр воздушный для ГАЗель Некст, ГАЗ 3302, Cummins ISF;fyltrVozdushne;;new
М221025;Фильтр воздушный для NISSAN QASHQAI, Nissan X-Trail, Renault Koleos;;Фильтр воздушный для NISSAN QASHQAI, Nissan X-Trail, Renault Koleos;fyltrVozdushne;;
М241031;Фильтр салонный для ГАЗель Next, Соболь ,Газон;;Фильтр салонный для ГАЗель Next, Соболь ,Газон;fyltrSalonne;;new
М241032;Фильтр салонный для Nissan X-Trail T31, Qashqai J10;;Фильтр салонный для Nissan X-Trail T31, Qashqai J10;fyltrSalonne;;new
PL9001-4;Свечи зажигания для Киа Рио 3/4, Хендай Солярис 1/2, 4 шт.;svechy;Свечи зажигания для Киа Рио 3/4, Хендай Солярис 1/2, 4 шт.;svechy;;
PL9008-4;K6RTCU-11 Свеча зажигания (Комплект 4 шт) Partra;svechy;K6RTCU-11 Свеча зажигания (Комплект 4 шт) Partra;svechy;;
PL9014-4;K6RIU-11 Свеча зажигания (Комплект 4 шт) Partra;svechy;K6RIU-11 Свеча зажигания (Комплект 4 шт) Partra;svechy;;
PL9012-4;LD7RIU-11 Свеча зажигания (Комплект 4 шт) Partra;svechy;LD7RIU-11 Свеча зажигания (Комплект 4 шт) Partra;svechy;;
PL9016-4;K6RIU Свеча зажигания (Комплект 4 шт) Partra;svechy;K6RIU Свеча зажигания (Комплект 4 шт) Partra;svechy;;
TE5109L+TE5023R;Наконечники рулевой тяги на Форд Фокус 2/3, Вольво С30 S40 2;nakonechnyky;Наконечники рулевой тяги на Форд Фокус 2/3, Вольво С30 S40 2;;;
TE5020R+TE5020L;Наконечники рулевой тяги на Киа Рио 3, Хендай Солярис 1, 2шт;nakonechnyky;Наконечники рулевой тяги на Киа Рио 3, Хендай Солярис 1, 2шт;;;
D998001;"Антидождь с аппликатором для стекол автомобиля ""Дождебой"" 50 мл";avtokhymyia;"Антидождь с аппликатором для стекол автомобиля ""Дождебой"" 50 мл";antydozhd;;
D998002;"Антидождь для стекол автомобиля ""Дождебой"" 100 мл (+ 2 аппликатора)";avtokhymyia;"Антидождь для стекол автомобиля ""Дождебой"" 100 мл (+ 2 аппликатора)";antydozhd;;
M112019;Комплект задних тормозных дисков (2шт.) PRO для CHANGAN UNI-K;tormoznaiaSystema;Комплект задних тормозных дисков (2шт.) PRO для CHANGAN UNI-K;zadnyeDyskyYBaraban;;
M112021;Комплект задних тормозных дисков (2шт.) PRO для GEELY COOLRAY (18-24) BELGEE X50 (23-);tormoznaiaSystema;Комплект задних тормозных дисков (2шт.) PRO для GEELY COOLRAY (18-24) BELGEE X50 (23-);zadnyeDyskyYBaraban;;
M412018;Комплект задних тормозных дисков (2шт.)  PREMIUM для Geely Monjaro 4WD;tormoznaiaSystema;Комплект задних тормозных дисков (2шт.)  PREMIUM для Geely Monjaro 4WD;zadnyeDyskyYBaraban;;
R2010RB;Комплект задних тормозных барабанов (2шт.) для  LADA GRANTA, KALINA, PRIORA, VAZ 2108-15, 2110-12 d200;tormoznaiaSystema;Комплект задних тормозных барабанов (2шт.) для  LADA GRANTA, KALINA, PRIORA, VAZ 2108-15, 2110-12 d200;zadnyeDyskyYBaraban;;
R2012RB;Задний тормозной барабан (1 шт.) с подшипником и кольцом ABS для LADA LARGUS;tormoznaiaSystema;Задний тормозной барабан (1 шт.) с подшипником и кольцом ABS для LADA LARGUS;zadnyeDyskyYBaraban;;
R2013RB;Задний тормозной барабан (1 шт.) для NIVA 4*4, VAZ 2121;tormoznaiaSystema;Задний тормозной барабан (1 шт.) для NIVA 4*4, VAZ 2121;zadnyeDyskyYBaraban;;
R2015RB;Комплект задних тормозных барабанов (2шт.) для HYUNDAI SOLARIS;tormoznaiaSystema;Комплект задних тормозных барабанов (2шт.) для HYUNDAI SOLARIS;zadnyeDyskyYBaraban;;
R2016RB;Комплект задних тормозных барабанов (2шт.) для VOLKSWAGEN POLO;tormoznaiaSystema;Комплект задних тормозных барабанов (2шт.) для VOLKSWAGEN POLO;zadnyeDyskyYBaraban;;
R2017RN;Комплект задних тормозных дисков (2шт.) для LADA VESTA, XRAY Cross;tormoznaiaSystema;Комплект задних тормозных дисков (2шт.) для LADA VESTA, XRAY Cross;zadnyeDyskyYBaraban;;
R2017RS;Комплект задних тормозных дисков (2шт.) для LADA VESTA, XRAY Cross;tormoznaiaSystema;Комплект задних тормозных дисков (2шт.) для LADA VESTA, XRAY Cross;zadnyeDyskyYBaraban;;
MV1121R;Колодки тормозные задние Geely Tugella, Monjaro, Tugella FX11, Volvo XC40, МАВИКО;tormoznaiaSystema;Колодки тормозные задние Geely Tugella, Monjaro, Tugella FX11, Volvo XC40, МАВИКО;zadnyeTormozneKolodky;;
MV1122R;Колодки тормозные задние CHERY TIGGO 7 PRO,  TIGGO 7 PRO MAX, EXEED LX, OMODA C5, МАВИКО;tormoznaiaSystema;Колодки тормозные задние CHERY TIGGO 7 PRO,  TIGGO 7 PRO MAX, EXEED LX, OMODA C5, МАВИКО;zadnyeTormozneKolodky;;
MV1123R;Колодки тормозные задние Omoda C5 (передний привод, НЕ 4WD), МАВИКО;tormoznaiaSystema;Колодки тормозные задние Omoda C5 (передний привод, НЕ 4WD), МАВИКО;zadnyeTormozneKolodky;;
MV1124R;Колодки тормозные задние Chery Tiggo 8 PRO MAX 4WD/ Tiggo 9/ EXEED TXL, VX/RX, Jetour T2, МАВИКО;tormoznaiaSystema;Колодки тормозные задние Chery Tiggo 8 PRO MAX 4WD/ Tiggo 9/ EXEED TXL, VX/RX, Jetour T2, МАВИКО;zadnyeTormozneKolodky;;
MV1125R;Колодки тормозные задние Geely Emgrand SS11, Belgee S50, МАВИКО;tormoznaiaSystema;Колодки тормозные задние Geely Emgrand SS11, Belgee S50, МАВИКО;zadnyeTormozneKolodky;;
M112015;Комплект передних тормозных дисков (2шт.) PRO для Geely Tugella;tormoznaiaSystema;Комплект передних тормозных дисков (2шт.) PRO для Geely Tugella;perednyeTormozneDysky;;
M112016;Комплект передних тормозных дисков (2шт.) PRO для  GEELY COOLRAY (18-24) BELGEE X50 (23- );tormoznaiaSystema;Комплект передних тормозных дисков (2шт.) PRO для  GEELY COOLRAY (18-24) BELGEE X50 (23- );perednyeTormozneDysky;;
M112017;Комплект передних тормозных дисков (2шт.) PRO для GEELY COOLRAY 2024+ (restyle);tormoznaiaSystema;Комплект передних тормозных дисков (2шт.) PRO для GEELY COOLRAY 2024+ (restyle);perednyeTormozneDysky;;
M112022;Комплект передних тормозных дисков (2шт.) PRO Exeed VX/TXL (до 2024);tormoznaiaSystema;Комплект передних тормозных дисков (2шт.) PRO Exeed VX/TXL (до 2024);perednyeTormozneDysky;;
M112023;Комплект передних тормозных дисков (2шт.) PRO для Chery Tiggo 7pro/7promax, Exeed LX, Omoda C5 4wd;tormoznaiaSystema;Комплект передних тормозных дисков (2шт.) PRO для Chery Tiggo 7pro/7promax, Exeed LX, Omoda C5 4wd;perednyeTormozneDysky;;
M412020;Комплект передних тормозных дисков (2шт.)  PREMIUM для Tank 500;tormoznaiaSystema;Комплект передних тормозных дисков (2шт.)  PREMIUM для Tank 500;perednyeTormozneDysky;;
M412024;Комплект передних тормозных дисков (2шт.)  PREMIUM для Geely Monjaro;tormoznaiaSystema;Комплект передних тормозных дисков (2шт.)  PREMIUM для Geely Monjaro;perednyeTormozneDysky;;
R2001FN;Комплект передних тормозных дисков (2шт.) R13 для LADA 2108-99, 2113-15, 2110-12;tormoznaiaSystema;Комплект передних тормозных дисков (2шт.) R13 для LADA 2108-99, 2113-15, 2110-12;perednyeTormozneDysky;;
R2001FS;Комплект передних тормозных дисков (2шт.) R13 для LADA 2108-99, 2113-15, 2110-12;tormoznaiaSystema;Комплект передних тормозных дисков (2шт.) R13 для LADA 2108-99, 2113-15, 2110-12;perednyeTormozneDysky;;
R2002FN;Комплект передних тормозных дисков (2шт.) R13 для LADA GRANTA 2110;tormoznaiaSystema;Комплект передних тормозных дисков (2шт.) R13 для LADA GRANTA 2110;perednyeTormozneDysky;;
R2002FS;"Комплект передних тормозных дисков (2шт.) для LADA 110-112 8 клап, LADA Kalina 8 клап.,
LADA Granta Стандарт";tormoznaiaSystema;"Комплект передних тормозных дисков (2шт.) для LADA 110-112 8 клап, LADA Kalina 8 клап.,
LADA Granta Стандарт";perednyeTormozneDysky;;
R2003FN;Комплект передних тормозных дисков (2шт.) R14 для LADA GRANTA 2190, KALINA 1117, PRIORA 2170, 2112, 2110-12;tormoznaiaSystema;Комплект передних тормозных дисков (2шт.) R14 для LADA GRANTA 2190, KALINA 1117, PRIORA 2170, 2112, 2110-12;perednyeTormozneDysky;;
R2003FS;Комплект передних тормозных дисков (2шт.) R14 для LADA GRANTA 2190, KALINA 1117, PRIORA 2170, 2112, 2110-12;tormoznaiaSystema;Комплект передних тормозных дисков (2шт.) R14 для LADA GRANTA 2190, KALINA 1117, PRIORA 2170, 2112, 2110-12;perednyeTormozneDysky;;
R2004FN;Комплект передних тормозных дисков (2шт.) для CHEVROLET NIVA,;tormoznaiaSystema;Комплект передних тормозных дисков (2шт.) для CHEVROLET NIVA,;perednyeTormozneDysky;;
R2004FS;Комплект передних тормозных дисков (2шт.) R14 для CHEVROLET NIVA,;tormoznaiaSystema;Комплект передних тормозных дисков (2шт.) R14 для CHEVROLET NIVA,;perednyeTormozneDysky;;
R2005FS;Комплект передних тормозных дисков (2шт.) для UAZ PATRIOT;tormoznaiaSystema;Комплект передних тормозных дисков (2шт.) для UAZ PATRIOT;perednyeTormozneDysky;;
R2006FN;Комплект передних тормозных дисков (2шт.) для LADA 2101-07;tormoznaiaSystema;Комплект передних тормозных дисков (2шт.) для LADA 2101-07;perednyeTormozneDysky;;
R2007FN;Комплект передних тормозных дисков (2шт.) R15 для LADA GRANTA;tormoznaiaSystema;Комплект передних тормозных дисков (2шт.) R15 для LADA GRANTA;perednyeTormozneDysky;;
R2008FN;Комплект передних тормозных дисков (2шт.) для LADA LARGUS 12-, VESTA 15-, XRAY 16-;tormoznaiaSystema;Комплект передних тормозных дисков (2шт.) для LADA LARGUS 12-, VESTA 15-, XRAY 16-;perednyeTormozneDysky;;
R2008FS;Комплект передних тормозных дисков (2шт.) для LADA LARGUS 12-, VESTA 15-, XRAY 16-;tormoznaiaSystema;Комплект передних тормозных дисков (2шт.) для LADA LARGUS 12-, VESTA 15-, XRAY 16-;perednyeTormozneDysky;;
R2018FS;Комплект передних тормозных дисков (2шт.)  для CHERY Tiggo 7 Pro/7 Pro MAX,  CHERY Tiggo 8 Pro , JAECOO (J7 1.6 2023-) 308мм;tormoznaiaSystema;Комплект передних тормозных дисков (2шт.)  для CHERY Tiggo 7 Pro/7 Pro MAX,  CHERY Tiggo 8 Pro , JAECOO (J7 1.6 2023-) 308мм;perednyeTormozneDysky;;
R2019FS;Комплект передних тормозных дисков (2шт.) для Geely Coolray  296мм;tormoznaiaSystema;Комплект передних тормозных дисков (2шт.) для Geely Coolray  296мм;perednyeTormozneDysky;;
R2020FS;Комплект передних тормозных дисков (2шт.) для Haval Jolion;tormoznaiaSystema;Комплект передних тормозных дисков (2шт.) для Haval Jolion;perednyeTormozneDysky;;
R2021FS;Комплект передних тормозных дисков (2шт.) Haval f7/f7x;tormoznaiaSystema;Комплект передних тормозных дисков (2шт.) Haval f7/f7x;perednyeTormozneDysky;;
MV1030F;Колодки тормозные передние Geely Tugella, МАВИКО;tormoznaiaSystema;Колодки тормозные передние Geely Tugella, МАВИКО;perednyeTormozneKolodky;;
MV1031F;Колодки тормозные передние Geely Monjaro 4wd, МАВИКО;tormoznaiaSystema;Колодки тормозные передние Geely Monjaro 4wd, МАВИКО;perednyeTormozneKolodky;;
MV1032F;Колодки тормозные передние Changan CS55 Plus, Uni-S S203F2603010800, МАВИКО;tormoznaiaSystema;Колодки тормозные передние Changan CS55 Plus, Uni-S S203F2603010800, МАВИКО;perednyeTormozneKolodky;;
MV1033F;Колодки тормозные передние Changan UNI-K, МАВИКО;tormoznaiaSystema;Колодки тормозные передние Changan UNI-K, МАВИКО;perednyeTormozneKolodky;;
MV1034F;Колодки тормозные передние Chery Tiggo 4,7,8 / Chery Tiggo 4,8 pro / Omoda C5, МАВИКО;tormoznaiaSystema;Колодки тормозные передние Chery Tiggo 4,7,8 / Chery Tiggo 4,8 pro / Omoda C5, МАВИКО;perednyeTormozneKolodky;;
MV1035F;Колодки тормозные передние Chery Tiggo, Bonus, A15, A11, QQ6, Lifan X60,  OMODA C5, МАВИКО;tormoznaiaSystema;Колодки тормозные передние Chery Tiggo, Bonus, A15, A11, QQ6, Lifan X60,  OMODA C5, МАВИКО;perednyeTormozneKolodky;;
MV1036F;Колодки тормозные передние Chery Tiggo 7 Pro, Exeed LX, МАВИКО;tormoznaiaSystema;Колодки тормозные передние Chery Tiggo 7 Pro, Exeed LX, МАВИКО;perednyeTormozneKolodky;;
MV1037F;Колодки тормозные передние Tank 500, МАВИКО;tormoznaiaSystema;Колодки тормозные передние Tank 500, МАВИКО;perednyeTormozneKolodky;;
MV1038F;Колодки тормозные передние Tank 300, МАВИКО;tormoznaiaSystema;Колодки тормозные передние Tank 300, МАВИКО;perednyeTormozneKolodky;;
М241023С;Фильтр салонный угольный Kia Rio 3, Hyundai Solaris;tovarDliaTo;Фильтр салонный угольный Kia Rio 3, Hyundai Solaris;fyltrSalonne;;
D911024;Комплект бескаркасных щеток стеклоочистителя 600 mm + 400 mm (Тип адаптера - VATL5.1), Деталиус;systemaOmvanyiaStiekol;Комплект бескаркасных щеток стеклоочистителя 600 mm + 400 mm (Тип адаптера - VATL5.1), Деталиус;shchetkyStekloochystytelia;;
D911025;Комплект гибридных щеток стеклоочистителя 600 mm + 400 mm (Тип адаптера - VATL5.1), Деталиус;systemaOmvanyiaStiekol;Комплект гибридных щеток стеклоочистителя 600 mm + 400 mm (Тип адаптера - VATL5.1), Деталиус;shchetkyStekloochystytelia;;
